source,component,eigenvalue,normalized_eigenvalue,cumulative_explained
umbrae,1,295.19345993123636,0.7706991765059443,0.7706991765059443
umbrae,2,13.872978590031458,0.03621995276423962,0.8069191292701839
umbrae,3,7.481262262364469,0.019532284577620403,0.8264514138478043
umbrae,4,4.005687533734017,0.010458158809846517,0.8369095726576508
umbrae,5,2.6599588889590082,0.006944693577350653,0.8438542662350014
umbrae,6,2.298468467555749,0.0060009044766192975,0.8498551707116206
umbrae,7,2.059901653175521,0.0053780476984667,0.8552332184100874
umbrae,8,1.9159428004760148,0.005002195979895105,0.8602354143899825
umbrae,9,1.5360754475890188,0.0040104278827302895,0.8642458422727128
umbrae,10,1.4029080558565754,0.003662750806247815,0.8679085930789606
umbrae,11,1.352563282367495,0.003531309291661242,0.8714399023706219
umbrae,12,1.248228550778491,0.0032589093145907965,0.8746988116852127
umbrae,13,1.1623336778764815,0.0030346526260209275,0.8777334643112336
umbrae,14,1.1306090297095244,0.0029518250450070722,0.8806852893562406
umbrae,15,1.0596767248325676,0.0027666330391642817,0.8834519223954048
umbrae,16,1.0514528045609413,0.0027451618026996614,0.8861970841981045
umbrae,17,0.9499722346411333,0.0024802135491483507,0.8886772977472529
umbrae,18,0.8951952209049157,0.0023372002202358745,0.8910144979674888
umbrae,19,0.8611972791997308,0.00224843746214094,0.8932629354296298
umbrae,20,0.8500990272332184,0.0022194618417012493,0.895482397271331
umbrae,21,0.8065048248563128,0.0021056449032089766,0.89758804217454
umbrae,22,0.7738273211383933,0.0020203295808046895,0.8996083717553447
umbrae,23,0.7493644543524342,0.001956461257667364,0.901564833013012
umbrae,24,0.7229444388694976,0.0018874831570660949,0.9034523161700782
umbrae,25,0.6833166025804138,0.001784021715874872,0.905236337885953
umbrae,26,0.6630866501150389,0.0017312048014708377,0.9069675426874239
umbrae,27,0.6437616122172836,0.0016807504628238512,0.9086482931502478
umbrae,28,0.6255361424318442,0.0016331669067439025,0.9102814600569916
umbrae,29,0.6087886633764329,0.0015894421293739611,0.9118709021863656
umbrae,30,0.5984474154782452,0.0015624429159055,0.913433345102271
umbrae,31,0.577445602332551,0.0015076108064804178,0.9149409559087515
umbrae,32,0.5559000302294093,0.001451359036264679,0.9163923149450162
umbrae,33,0.5490477092702406,0.0014334688088808612,0.917825783753897
umbrae,34,0.5291500384820507,0.001381519424587535,0.9192073031784845
umbrae,35,0.5200618655233455,0.0013577917735181338,0.9205650949520027
umbrae,36,0.504724668066975,0.0013177489980030958,0.9218828439500057
umbrae,37,0.48791342112815866,0.0012738577336952688,0.923156701683701
umbrae,38,0.475845063774755,0.001242349335520681,0.9243990510192217
umbrae,39,0.4689988552986169,0.001224475066775104,0.9256235260859969
umbrae,40,0.4606900421356218,0.0012027821896227653,0.9268263082756196
umbrae,41,0.43779348085457476,0.001143003219830442,0.92796931149545
umbrae,42,0.4339268831358057,0.001132908200521988,0.9291022196959721
umbrae,43,0.42416466992209134,0.0011074207466792176,0.9302096404426513
umbrae,44,0.41904172609738616,0.0010940456245206638,0.931303686067172
umbrae,45,0.4081229571319822,0.0010655386032199354,0.9323692246703918
umbrae,46,0.397398585678952,0.0010375391202729907,0.9334067637906649
umbrae,47,0.39071652937367624,0.001020093424514548,0.9344268572151795
umbrae,48,0.37568619063639924,0.0009808518041543842,0.9354077090193339
umbrae,49,0.37067131174089124,0.0009677588208750617,0.936375467840209
umbrae,50,0.3611705469466356,0.0009429539637321725,0.9373184218039411
umbrae,51,0.3595326533817117,0.0009386777063178474,0.9382570995102589
umbrae,52,0.34636595010693266,0.0009043017165058301,0.9391614012267647
umbrae,53,0.3349920197578583,0.0008746063473885415,0.9400360075741533
umbrae,54,0.33370995253416413,0.000871259091139177,0.9409072666652925
umbrae,55,0.3273370656162999,0.0008546205832917891,0.9417618872485842
umbrae,56,0.3218462558019511,0.0008402850265241861,0.9426021722751085
umbrae,57,0.3171268423091111,0.0008279634524169207,0.9434301357275253
umbrae,58,0.31174025021024204,0.0008138999901175227,0.9442440357176428
umbrae,59,0.3032133666535226,0.0007916377688038913,0.9450356734864467
umbrae,60,0.29503945815703886,0.0007702971044526471,0.9458059705908993
umbrae,61,0.29083474916614926,0.000759319334967237,0.9465652899258665
umbrae,62,0.2880011362150609,0.0007519212606045832,0.9473172111864712
umbrae,63,0.28021780073291563,0.0007316003149848658,0.948048811501456
umbrae,64,0.2798074980569752,0.0007305290855120341,0.9487793405869681
umbrae,65,0.2682204188595392,0.0007002772215389864,0.9494796178085071
umbrae,66,0.2649527357158739,0.0006917458648195936,0.9501713636733267
umbrae,67,0.2578409808501343,0.0006731783002813601,0.950844541973608
umbrae,68,0.25363779424088706,0.0006622045054716707,0.9515067464790797
umbrae,69,0.24891083440511838,0.0006498632291654401,0.9521566097082452
umbrae,70,0.24466653929541263,0.0006387821071559606,0.9527953918154012
umbrae,71,0.24284269292386415,0.0006340203590570929,0.9534294121744583
umbrae,72,0.23818788114777117,0.0006218674488826577,0.954051279623341
umbrae,73,0.2342322503172068,0.0006115399794855117,0.9546628196028265
umbrae,74,0.22893794353181438,0.0005977174582120991,0.9552605370610386
umbrae,75,0.22760350141317498,0.0005942334601514043,0.9558547705211901
umbrae,76,0.22176717235418592,0.0005789958122691362,0.9564337663334592
umbrae,77,0.21663611069314667,0.0005655994958409696,0.9569993658293002
umbrae,78,0.21597641385767608,0.0005638771412604881,0.9575632429705607
umbrae,79,0.21026493768102283,0.0005489654627056672,0.9581122084332664
umbrae,80,0.20543582675443456,0.0005363574875315411,0.958648565920798
umbrae,81,0.20238398611132366,0.0005283896583288859,0.9591769555791269
umbrae,82,0.19852885981942262,0.0005183245889361335,0.9596952801680629
umbrae,83,0.19420126910768434,0.0005070259964857168,0.9602023061645486
umbrae,84,0.19212841216453277,0.0005016141247610733,0.9607039202893096
umbrae,85,0.18613887892002323,0.000485976487191888,0.9611898967765015
umbrae,86,0.18428941569574242,0.0004811478579117431,0.9616710446344132
umbrae,87,0.18033490994637688,0.0004708233259074297,0.9621418679603206
umbrae,88,0.17635267236000932,0.00046042639086293577,0.9626022943511836
umbrae,89,0.174464594107285,0.0004554969444080841,0.9630577912955917
umbrae,90,0.17329178878476262,0.0004524349521251916,0.9635102262477169
umbrae,91,0.17181496669225985,0.00044857922452606793,0.9639588054722429
umbrae,92,0.1686845554221362,0.0004404062609767697,0.9643992117332196
umbrae,93,0.163232690364143,0.00042617238224654426,0.9648253841154661
umbrae,94,0.16028203840201538,0.0004184687392258041,0.9652438528546919
umbrae,95,0.15930508467503762,0.00041591808165689466,0.9656597709363488
umbrae,96,0.15454583110958775,0.0004034924919960342,0.9660632634283448
umbrae,97,0.1527274320899446,0.000398744965992834,0.9664620083943376
umbrae,98,0.15039582962500175,0.0003926575543676263,0.9668546659487053
umbrae,99,0.1466450041983276,0.00038286479653271794,0.967237530745238
umbrae,100,0.14372699770016875,0.00037524638518412676,0.9676127771304222
umbrae,101,0.14275485547533204,0.00037270828961689153,0.967985485420039
umbrae,102,0.14106995893178836,0.00036830931553762396,0.9683537947355767
umbrae,103,0.137056735670585,0.00035783148224394445,0.9687116262178207
umbrae,104,0.13570621694385102,0.00035430551093417297,0.9690659317287549
umbrae,105,0.13480142875747736,0.000351943265136746,0.9694178749938916
umbrae,106,0.13060736279145901,0.00034099328275239744,0.969758868276644
umbrae,107,0.12920025130907356,0.00033731955752495116,0.970096187834169
umbrae,108,0.1253494036092142,0.0003272656587975784,0.9704234534929665
umbrae,109,0.12423404970442252,0.00032435366225085316,0.9707478071552174
umbrae,110,0.1224189322141946,0.00031961470375459764,0.971067421858972
umbrae,111,0.11979537430597402,0.00031276504685551773,0.9713801869058275
umbrae,112,0.11955207587960641,0.00031212983665509397,0.9716923167424826
umbrae,113,0.11908766861660443,0.0003109173494433435,0.9720032340919259
umbrae,114,0.11658286626751478,0.0003043777428131585,0.972307611834739
umbrae,115,0.115669232221775,0.00030199240200363156,0.9726096042367427
umbrae,116,0.11209169999547478,0.00029265208280626403,0.972902256319549
umbrae,117,0.1111606132604864,0.0002902211760372648,0.9731924774955862
umbrae,118,0.11034194418084703,0.0002880837723642433,0.9734805612679505
umbrae,119,0.1082564113344166,0.0002826388060438701,0.9737632000739943
umbrae,120,0.10686172996200889,0.0002789975336882658,0.9740421976076826
umbrae,121,0.10470128987365952,0.00027335699748746664,0.97431555460517
umbrae,122,0.1042983120827491,0.0002723048920252481,0.9745878594971953
umbrae,123,0.10324100450298304,0.0002695444444149622,0.9748574039416102
umbrae,124,0.10148001073873111,0.000264946793626028,0.9751223507352362
umbrae,125,0.09957930416795582,0.000259984376812264,0.9753823351120485
umbrae,126,0.09903376583799164,0.00025856007038706826,0.9756408951824356
umbrae,127,0.09763287760099963,0.0002549025929792757,0.9758957977754148
umbrae,128,0.09483280734716294,0.00024759209281001915,0.9761433898682248
umbrae,129,0.09430751902358453,0.0002462206556565525,0.9763896105238814
umbrae,130,0.09244594756031342,0.00024136041385416224,0.9766309709377355
umbrae,131,0.09219658259002632,0.00024070936495458815,0.9768716803026901
umbrae,132,0.09039665758170735,0.00023601007140652982,0.9771076903740966
umbrae,133,0.08947947361047945,0.0002336154623542342,0.9773413058364508
umbrae,134,0.08898242078023987,0.0002323177432007176,0.9775736235796516
umbrae,135,0.08738458457843062,0.00022814606864799336,0.9778017696482996
umbrae,136,0.08709458392409937,0.00022738892699068378,0.9780291585752903
umbrae,137,0.08635073511331165,0.00022544686612642017,0.9782546054414167
umbrae,138,0.085756360528307,0.0002238950566679523,0.9784785004980847
umbrae,139,0.0832065670567599,0.00021723798598203891,0.9786957384840668
umbrae,140,0.08296860623785716,0.00021661671135348942,0.9789123551954203
umbrae,141,0.08134726531843739,0.00021238367003975812,0.97912473886546
umbrae,142,0.0806765979633924,0.00021063267332606739,0.9793353715387861
umbrae,143,0.07853754785401068,0.000205047982668661,0.9795404195214548
umbrae,144,0.07796359586972759,0.00020354949309594496,0.9797439690145507
umbrae,145,0.07768504807781888,0.00020282225288577365,0.9799467912674366
umbrae,146,0.0768373752913554,0.0002006091255399778,0.9801474003929765
umbrae,147,0.07595428230557316,0.00019830352216692514,0.9803457039151434
umbrae,148,0.07404429554198176,0.00019331687637138466,0.9805390207915148
umbrae,149,0.07376589138375667,0.00019259001116397155,0.9807316108026788
umbrae,150,0.07306403764521326,0.00019075759218541751,0.9809223683948642
umbrae,151,0.07243608660120401,0.00018911812038744237,0.9811114865152517
umbrae,152,0.07187710291633222,0.00018765871046111368,0.9812991452257128
umbrae,153,0.07062058616792076,0.00018437816209296144,0.9814835233878058
umbrae,154,0.0698658032012776,0.00018240755403488282,0.9816659309418406
umbrae,155,0.06961170076698892,0.0001817441364344385,0.9818476750782751
umbrae,156,0.06865355301837012,0.00017924257802930463,0.9820269176563043
umbrae,157,0.0678336298862862,0.00017710190024178708,0.9822040195565461
umbrae,158,0.06615001931479227,0.00017270628361359573,0.9823767258401597
umbrae,159,0.06575631839991224,0.00017167839847359852,0.9825484042386333
umbrae,160,0.0650636572051093,0.0001698699796402118,0.9827182742182735
umbrae,161,0.06438506161072267,0.00016809828366193312,0.9828863725019354
umbrae,162,0.06392659101436801,0.00016690129606219077,0.9830532737979977
umbrae,163,0.06342666250832986,0.0001655960690154764,0.9832188698670131
umbrae,164,0.06254108322001012,0.0001632839743356087,0.9833821538413487
umbrae,165,0.06184186702440882,0.00016145844152646357,0.9835436122828752
umbrae,166,0.06145878189037224,0.00016045827235807334,0.9837040705552333
umbrae,167,0.06141497657763548,0.00016034390424686697,0.9838644144594803
umbrae,168,0.0597661868324402,0.00015603919878642264,0.9840204536582666
umbrae,169,0.05913660290295686,0.00015439546380629395,0.9841748491220729
umbrae,170,0.05819797724849021,0.0001519448742196774,0.9843267939962925
umbrae,171,0.057928413674588876,0.00015124109025213913,0.9844780350865446
umbrae,172,0.05713675908925449,0.00014917421676132232,0.9846272093033059
umbrae,173,0.056177067027323224,0.00014666862642066228,0.9847738779297266
umbrae,174,0.0556813858647209,0.00014537448845461078,0.9849192524181812
umbrae,175,0.055268842432741126,0.00014429740875449202,0.9850635498269358
umbrae,176,0.054177802868606566,0.0001414488927548158,0.9852049987196906
umbrae,177,0.053835541465732085,0.000140555307302731,0.9853455540269933
umbrae,178,0.05346730289373649,0.0001395938999454649,0.9854851479269388
umbrae,179,0.05275726999041672,0.00013774012657932004,0.985622888053518
umbrae,180,0.05155656870044017,0.0001346053027399636,0.9857574933562581
umbrae,181,0.05110809869224718,0.00013343442494991207,0.985890927781208
umbrae,182,0.0502060730622109,0.000131079391710293,0.9860220071729183
umbrae,183,0.04992961498661505,0.0001303576073887509,0.9861523647803071
umbrae,184,0.049062925287899455,0.0001280948301671895,0.9862804596104743
umbrae,185,0.04861411590197527,0.00012692306632045496,0.9864073826767947
umbrae,186,0.04808840214950073,0.00012555051844556517,0.9865329331952403
umbrae,187,0.0475245198415062,0.00012407831905971535,0.9866570115143
umbrae,188,0.04722693681055987,0.00012330138112570454,0.9867803128954257
umbrae,189,0.0469811363705893,0.0001226596385995854,0.9869029725340253
umbrae,190,0.04623581991881672,0.00012071374597801015,0.9870236862800033
umbrae,191,0.04612671269596236,0.00012042888584992908,0.9871441151658532
umbrae,192,0.04575865662713116,0.00011946795497692703,0.9872635831208302
umbrae,193,0.045304044628659675,0.0001182810415103031,0.9873818641623405
umbrae,194,0.04483969930948883,0.00011706871602320482,0.9874989328783638
umbrae,195,0.0445691839904024,0.00011636244721324974,0.987615295325577
umbrae,196,0.04430965369509627,0.0001156848584044822,0.9877309801839815
umbrae,197,0.043629805845236944,0.00011390989300329082,0.9878448900769848
umbrae,198,0.0433774770573597,0.00011325110608751349,0.9879581411830723
umbrae,199,0.043244595813712684,0.00011290417609429584,0.9880710453591667
umbrae,200,0.042689091778476324,0.00011145385093261333,0.9881824992100993
umbrae,201,0.041562427883896094,0.00010851232595453884,0.9882910115360538
umbrae,202,0.041473791325754475,0.0001082809111989952,0.9883992924472528
umbrae,203,0.040559382403111174,0.00010589354731960897,0.9885051859945724
umbrae,204,0.0404839094617688,0.00010569650049562243,0.988610882495068
umbrae,205,0.04011239797931523,0.00010472654813402143,0.988715609043202
umbrae,206,0.03997373901967909,0.00010436453352153092,0.9888199735767236
umbrae,207,0.03993839508174663,0.00010427225659959176,0.9889242458333232
umbrae,208,0.0396167155643405,0.00010343240689824173,0.9890276782402214
umbrae,209,0.03902572909453733,0.00010188944322381087,0.9891295676834452
umbrae,210,0.03873695239864552,0.00010113549711074395,0.989230703180556
umbrae,211,0.03803075491612211,9.929173736634398e-05,0.9893299949179223
umbrae,212,0.03763556104039748,9.825995436325132e-05,0.9894282548722856
umbrae,213,0.036994693817480655,9.658676065134894e-05,0.989524841632937
umbrae,214,0.036942913073006796,9.645157006435503e-05,0.9896212932030013
umbrae,215,0.03682683034900095,9.614849810666765e-05,0.989717441701108
umbrae,216,0.03622129753913456,9.456755644888138e-05,0.9898120092575569
umbrae,217,0.03583157776395138,9.355006537752861e-05,0.9899055593229343
umbrae,218,0.0354625231744161,9.258652753930269e-05,0.9899981458504736
umbrae,219,0.03502278626505488,9.143845036305729e-05,0.9900895843008367
umbrae,220,0.03496012419887328,9.127485052308938e-05,0.9901808591513598
umbrae,221,0.03471421443123908,9.063282256130936e-05,0.9902714919739211
umbrae,222,0.034099190166921624,8.902710035407938e-05,0.9903605190742751
umbrae,223,0.03391341586872902,8.854207572424389e-05,0.9904490611499994
umbrae,224,0.03361169351340442,8.775433072868649e-05,0.9905368154807281
umbrae,225,0.0332240275067366,8.674220169246788e-05,0.9906235576824206
umbrae,226,0.03303517782705181,8.624914777233569e-05,0.9907098068301929
umbrae,227,0.032581311538431953,8.506418122543247e-05,0.9907948710114184
umbrae,228,0.03212809831050092,8.388091970727616e-05,0.9908787519311256
umbrae,229,0.03181384432149148,8.306045677899956e-05,0.9909618123879046
umbrae,230,0.031506278493326816,8.225745548438046e-05,0.991044069843389
umbrae,231,0.031190027315626385,8.143177824112604e-05,0.9911255016216302
umbrae,232,0.03085525341478426,8.055774136458139e-05,0.9912060593629948
umbrae,233,0.030679787181987616,8.009962931442798e-05,0.9912861589923092
umbrae,234,0.030468836295620864,7.954887295809161e-05,0.9913657078652673
umbrae,235,0.030047346754489047,7.844843651098391e-05,0.9914441563017783
umbrae,236,0.029767062804919857,7.771666349280414e-05,0.9915218729652711
umbrae,237,0.029582068497131134,7.72336752832948e-05,0.9915991066405544
umbrae,238,0.02930366381636774,7.650680871162438e-05,0.991675613449266
umbrae,239,0.028876625516660953,7.539188541353646e-05,0.9917510053346795
umbrae,240,0.028750368303554232,7.506224962081953e-05,0.9918260675843004
umbrae,241,0.028415287896327173,7.418741250900368e-05,0.9919002549968093
umbrae,242,0.028342960472161158,7.399857808748049e-05,0.9919742535748968
umbrae,243,0.027623970556221157,7.212141950727306e-05,0.9920463749944041
umbrae,244,0.027369459428140275,7.145693487787366e-05,0.9921178319292819
umbrae,245,0.027241332040328,7.112241638177358e-05,0.9921889543456637
umbrae,246,0.027090674066760825,7.07290744148163e-05,0.9922596834200785
umbrae,247,0.027051661710453766,7.062721988563258e-05,0.9923303106399641
umbrae,248,0.026850187912909128,7.010120657256207e-05,0.9924004118465367
umbrae,249,0.026421313130207107,6.898148853433179e-05,0.992469393335071
umbrae,250,0.026197760819819713,6.839783203475453e-05,0.9925377911671057
umbrae,251,0.026019870863453896,6.793339206067193e-05,0.9926057245591664
umbrae,252,0.025751645827462647,6.723310278459893e-05,0.992672957661951
umbrae,253,0.025351363102219762,6.618803367369752e-05,0.9927391456956247
umbrae,254,0.02482766641239866,6.482075200127147e-05,0.992803966447626
umbrae,255,0.02476782680100756,6.466452110363472e-05,0.9928686309687297
umbrae,256,0.02454588286284314,6.408506378634304e-05,0.992932716032516
lora,1,290.16046911975053,0.766362210620571,0.766362210620571
lora,2,13.280956527880576,0.035077222044543034,0.801439432665114
lora,3,7.935922035103678,0.020960094159568555,0.8223995268246825
lora,4,4.394421649138403,0.011606400760410713,0.8340059275850933
lora,5,2.8108611675082127,0.007423953320085413,0.8414298809051787
lora,6,2.402680659330861,0.006345880495320564,0.8477757614004993
lora,7,2.2043799110073565,0.00582213513361109,0.8535978965341103
lora,8,2.034372827172622,0.005373118060458462,0.8589710145945688
lora,9,1.6398513108290325,0.004331120912054096,0.8633021355066229
lora,10,1.4869924490771367,0.003927395154508603,0.8672295306611315
lora,11,1.4353327108708798,0.0037909531667632353,0.8710204838278948
lora,12,1.3240557354681604,0.003497052108774512,0.8745175359366693
lora,13,1.225006366953957,0.0032354462006871877,0.8777529821373564
lora,14,1.205642557774208,0.0031843031498986155,0.880937285287255
lora,15,1.1078909763799902,0.002926124914123802,0.8838634102013788
lora,16,1.0870534199067068,0.0028710894508463904,0.8867344996522252
lora,17,0.9658692423031804,0.0025510218188832434,0.8892855214711084
lora,18,0.9283125842236415,0.002451828418773741,0.8917373498898822
lora,19,0.8942051249668902,0.002361744928235037,0.8940990948181172
lora,20,0.8562971693603377,0.002261623692744635,0.8963607185108619
lora,21,0.8287707698044955,0.0021889218788895774,0.8985496403897514
lora,22,0.7684970408573035,0.002029728904400514,0.9005793692941519
lora,23,0.753736542051063,0.0019907439643453463,0.9025701132584973
lora,24,0.7326268504034598,0.001934989746668302,0.9045051030051656
lora,25,0.7030493855944002,0.0018568707272705626,0.9063619737324362
lora,26,0.6634158088397574,0.0017521918384176746,0.9081141655708539
lora,27,0.645454411485585,0.0017047527912451353,0.909818918362099
lora,28,0.6272191345417449,0.001656590382380983,0.91147550874448
lora,29,0.6144893729881351,0.0016229689582273332,0.9130984777027074
lora,30,0.584210219617709,0.0015429966622661547,0.9146414743649736
lora,31,0.5691334575109737,0.0015031764180675913,0.9161446507830412
lora,32,0.5447793463068287,0.0014388531470281962,0.9175835039300694
lora,33,0.5339232864882657,0.0014101804817736143,0.918993684411843
lora,34,0.5289480252773525,0.0013970399868206763,0.9203907243986638
lora,35,0.5108381089778562,0.0013492086763339688,0.9217399330749977
lora,36,0.4902628401303999,0.001294865958437612,0.9230347990334353
lora,37,0.4755902056489293,0.00125611308272384,0.9242909121161592
lora,38,0.4685515104356927,0.0012375227142981734,0.9255284348304574
lora,39,0.46299891899302426,0.001222857393878802,0.9267512922243363
lora,40,0.44641054301054695,0.001179044725229959,0.9279303369495663
lora,41,0.4208368741974997,0.0011115003990689863,0.9290418373486352
lora,42,0.4178607189519189,0.001103639876510305,0.9301454772251455
lora,43,0.4155298374206684,0.0010974836294915338,0.9312429608546371
lora,44,0.4052664469454241,0.0010703763028562703,0.9323133371574933
lora,45,0.38948272234845416,0.0010286888527682018,0.9333420260102615
lora,46,0.38461468746775485,0.001015831560443481,0.934357857570705
lora,47,0.3770914365224786,0.0009959613994840438,0.935353818970189
lora,48,0.36546316430828013,0.0009652491924532057,0.9363190681626422
lora,49,0.3564125734989414,0.0009413450720845398,0.9372604132347268
lora,50,0.3516649547383545,0.0009288058188238019,0.9381892190535506
lora,51,0.3446056956859798,0.0009101611378680084,0.9390993801914186
lora,52,0.33694421865665924,0.0008899258987583498,0.939989306090177
lora,53,0.32334224446355203,0.0008540008154999148,0.9408433069056769
lora,54,0.31683151395510006,0.000836804889947586,0.9416801117956245
lora,55,0.31591197039211566,0.0008343762219769679,0.9425144880176015
lora,56,0.3111210439375236,0.0008217225858707123,0.9433362106034723
lora,57,0.2969660443149943,0.0007843368701839281,0.9441205474736563
lora,58,0.293704667298464,0.0007757230293404887,0.9448962705029967
lora,59,0.29077434291781,0.0007679835537427065,0.9456642540567395
lora,60,0.28453638478777676,0.0007515080655523496,0.9464157621222918
lora,61,0.27778731669559814,0.0007336826506760862,0.9471494447729679
lora,62,0.2760967442405557,0.0007292175667596211,0.9478786623397275
lora,63,0.2680003319411699,0.0007078335910351673,0.9485864959307627
lora,64,0.25991093307057334,0.0006864681389462978,0.9492729640697091
lora,65,0.25326700813337477,0.0006689204246848927,0.949941884494394
lora,66,0.24751561456103904,0.0006537300346720303,0.950595614529066
lora,67,0.2461974991168895,0.0006502486718637331,0.9512458632009297
lora,68,0.24509822304438772,0.0006473453003481008,0.9518932085012778
lora,69,0.23414099279038453,0.0006184054270937916,0.9525116139283716
lora,70,0.22926897822854622,0.0006055376237671948,0.9531171515521388
lora,71,0.22735550854026118,0.0006004838310685609,0.9537176353832074
lora,72,0.22543052765606653,0.0005953996353809501,0.9543130350185883
lora,73,0.22177621564215685,0.0005857479876503926,0.9548987830062388
lora,74,0.21819123511421493,0.0005762794559418524,0.9554750624621806
lora,75,0.21622902583062567,0.0005710969338400872,0.9560461593960207
lora,76,0.2142775043571105,0.0005659426400279298,0.9566121020360486
lora,77,0.2068118894141464,0.0005462247053668486,0.9571583267414154
lora,78,0.20119540551340062,0.0005313906343055904,0.9576897173757211
lora,79,0.19962580454695475,0.0005272450562739351,0.958216962431995
lora,80,0.19730080288390794,0.0005211043389681132,0.9587380667709631
lora,81,0.19116886388714194,0.0005049088649974233,0.9592429756359605
lora,82,0.18659942349495295,0.0004928402105357032,0.9597358158464963
lora,83,0.18494004028569663,0.000488457502621113,0.9602242733491174
lora,84,0.18231754113389673,0.0004815310448116776,0.960705804393929
lora,85,0.1782304916515509,0.00047073646522711825,0.9611765408591562
lora,86,0.17566801775656285,0.0004639685441358063,0.9616405094032919
lora,87,0.17242505988665588,0.00045540335133173205,0.9620959127546237
lora,88,0.16800555230503977,0.0004437306944381981,0.9625396434490618
lora,89,0.1669708554174745,0.00044099788732466437,0.9629806413363865
lora,90,0.16514416851687228,0.0004361733024475307,0.963416814638834
lora,91,0.16239539312370382,0.0004289133280161459,0.9638457279668502
lora,92,0.16220628523283542,0.00042841386252475295,0.964274141829375
lora,93,0.15709288484849884,0.0004149085189670439,0.9646890503483421
lora,94,0.15426412467389206,0.00040743729138286046,0.9650964876397249
lora,95,0.15329938011754218,0.00040488924004722756,0.9655013768797721
lora,96,0.1483991625035773,0.00039194694775444063,0.9658933238275266
lora,97,0.14821640834994906,0.000391464263543185,0.9662847880910698
lora,98,0.14594792865321565,0.0003854728301807754,0.9666702609212505
lora,99,0.13970718070458307,0.0003689899736140319,0.9670392508948645
lora,100,0.139001129453951,0.0003671251744603522,0.9674063760693249
lora,101,0.13778733998339054,0.0003639193539545176,0.9677702954232794
lora,102,0.13690082324328265,0.0003615779153334598,0.9681318733386128
lora,103,0.13311271634445093,0.000351572892988884,0.9684834462316018
lora,104,0.13173106490370898,0.0003479237210129553,0.9688313699526148
lora,105,0.13033040008129007,0.0003442243315237399,0.9691755942841385
lora,106,0.1264374385144458,0.0003339423705065194,0.969509536654645
lora,107,0.12509647395030407,0.00033040065936007306,0.9698399373140051
lora,108,0.12135370153484086,0.0003205153729498822,0.9701604526869549
lora,109,0.12095555546518325,0.00031946380275143875,0.9704799164897063
lora,110,0.11803929826848661,0.00031176148093352003,0.9707916779706398
lora,111,0.11598079133983756,0.0003063246206844205,0.9710980025913243
lora,112,0.114907746162341,0.0003034905293389774,0.9714014931206633
lora,113,0.11417050235030506,0.00030154334542632305,0.9717030364660896
lora,114,0.11271332447624163,0.0002976946955388232,0.9720007311616284
lora,115,0.11143092587978407,0.00029430766688443976,0.9722950388285129
lora,116,0.1087354653541679,0.00028718850591355244,0.9725822273344265
lora,117,0.10746514658748303,0.0002838333821050517,0.9728660607165315
lora,118,0.10681959204416835,0.0002821283648489395,0.9731481890813805
lora,119,0.10630800423970796,0.0002807771761017536,0.9734289662574822
lora,120,0.10360622085234711,0.00027364131539806387,0.9737026075728803
lora,121,0.10263228471029873,0.0002710689875510358,0.9739736765604313
lora,122,0.10186738093320263,0.00026904874905574487,0.9742427253094871
lora,123,0.0998160181122666,0.00026363075758707044,0.9745063560670741
lora,124,0.0987292426745029,0.0002607604023334435,0.9747671164694076
lora,125,0.09788936933752715,0.0002585421567222525,0.9750256586261299
lora,126,0.09736754796635214,0.00025716393941795904,0.9752828225655479
lora,127,0.09537269375399429,0.00025189519661268953,0.9755347177621606
lora,128,0.0934857148622816,0.00024691137052764665,0.9757816291326883
lora,129,0.09284676654808774,0.00024522380142485544,0.9760268529341132
lora,130,0.09057265184726782,0.00023921748507648395,0.9762660704191897
lora,131,0.08983182576192389,0.00023726083978234071,0.976503331258972
lora,132,0.08943776464619957,0.00023622005862878714,0.9767395513176008
lora,133,0.0882977419969769,0.0002332090686056933,0.9769727603862065
lora,134,0.0875961012467167,0.00023135591831936338,0.9772041163045259
lora,135,0.0861039369756716,0.0002274148635201474,0.977431531168046
lora,136,0.08499305249755396,0.0002244808322684852,0.9776560120003145
lora,137,0.08431321378793759,0.00022268526480904597,0.9778786972651236
lora,138,0.08310480489896771,0.0002194936553169125,0.9780981909204405
lora,139,0.08099239776238706,0.0002139144356257129,0.9783121053560662
lora,140,0.08069615697512032,0.00021313201428039858,0.9785252373703466
lora,141,0.08036889974189795,0.00021226767332639231,0.978737505043673
lora,142,0.07987238106656247,0.00021095628466342645,0.9789484613283364
lora,143,0.07761360132701554,0.00020499047050633076,0.9791534517988427
lora,144,0.0766626316216206,0.00020247880085032778,0.9793559305996931
lora,145,0.07530961998353183,0.00019890527137159946,0.9795548358710646
lora,146,0.0750085200001494,0.00019811001607861347,0.9797529458871432
lora,147,0.07445455942468528,0.00019664691377354338,0.9799495928009168
lora,148,0.07274323175475617,0.00019212701187166934,0.9801417198127884
lora,149,0.07210635948723354,0.00019044492595451378,0.980332164738743
lora,150,0.07157059743812073,0.00018902988899386136,0.9805211946277368
lora,151,0.07108487508762046,0.00018774701522609257,0.9807089416429629
lora,152,0.07032699912258271,0.00018574533835499947,0.9808946869813179
lora,153,0.06956710661977301,0.00018373833547120246,0.9810784253167891
lora,154,0.06926484978143023,0.00018294002473125131,0.9812613653415204
lora,155,0.06828603017041195,0.0001803547988278938,0.9814417201403484
lora,156,0.06739420302980276,0.00017799933455310107,0.9816197194749015
lora,157,0.06622169669814058,0.00017490254970496105,0.9817946220246064
lora,158,0.06578105698431237,0.00017373874670243268,0.9819683607713089
lora,159,0.06552421020375772,0.0001730603715015179,0.9821414211428104
lora,160,0.06360958714510104,0.00016800353255929903,0.9823094246753697
lora,161,0.062897913352063,0.00016612388333303495,0.9824755485587028
lora,162,0.06250897674569379,0.0001650966368636844,0.9826406451955665
lora,163,0.062234335401124725,0.0001643712632502826,0.9828050164588168
lora,164,0.061292697600082074,0.00016188424071065084,0.9829669006995274
lora,165,0.06075518404269648,0.00016046457772442047,0.9831273652772519
lora,166,0.06003672869322359,0.00015856701727614663,0.983285932294528
lora,167,0.05983771626051033,0.00015804139223722318,0.9834439736867652
lora,168,0.059254480482895694,0.00015650096923886742,0.9836004746560041
lora,169,0.05884745696136769,0.00015542595220888037,0.9837559006082129
lora,170,0.057454431195944455,0.00015174673874372507,0.9839076473469567
lora,171,0.05646999805844854,0.0001491466865803542,0.9840567940335371
lora,172,0.05620111104150416,0.00014843651110628704,0.9842052305446434
lora,173,0.05551886066347315,0.0001466345740281912,0.9843518651186716
lora,174,0.054753278570921375,0.00014461254398860865,0.9844964776626601
lora,175,0.05389892596477976,0.0001423560562117643,0.9846388337188718
lora,176,0.053342042089090755,0.00014088523298306377,0.9847797189518549
lora,177,0.05308634793409818,0.00014020990205856765,0.9849199288539134
lora,178,0.05289996406672905,0.0001397176311677246,0.9850596464850812
lora,179,0.05262489844367299,0.0001389911369640501,0.9851986376220452
lora,180,0.05133109751798395,0.00013557399285575052,0.985334211614901
lora,181,0.0510069672685246,0.00013471791078758244,0.9854689295256885
lora,182,0.049911207773831644,0.00013182382714066495,0.9856007533528293
lora,183,0.049627459824317245,0.00013107440146421567,0.9857318277542935
lora,184,0.04876727983713267,0.00012880252260177047,0.9858606302768952
lora,185,0.048535419055884585,0.00012819013959380063,0.9859888204164889
lora,186,0.047700843113633054,0.0001259858852859174,0.9861148063017748
lora,187,0.04739405347039043,0.00012517560265195226,0.9862399819044267
lora,188,0.046917002962331346,0.00012391563266691977,0.9863638975370936
lora,189,0.04647717203642315,0.00012275396580823,0.9864866515029018
lora,190,0.045924070251004166,0.00012129313171095348,0.9866079446346128
lora,191,0.045768024908788806,0.00012088098992685728,0.9867288256245397
lora,192,0.04546727870221721,0.00012008666901745442,0.9868489122935571
lora,193,0.044719041505295286,0.00011811044974113056,0.9869670227432982
lora,194,0.044340348182732234,0.00011711025749334751,0.9870841330007916
lora,195,0.044143101042273966,0.00011658929488579878,0.9872007222956773
lora,196,0.04367997386868766,0.00011536609875014056,0.9873160883944275
lora,197,0.043468273106448525,0.00011480696171596142,0.9874308953561435
lora,198,0.04306637961681721,0.00011374549395613106,0.9875446408500996
lora,199,0.04264950421964928,0.00011264445647884778,0.9876572853065785
lora,200,0.04211044599127894,0.00011122071375882683,0.9877685060203373
lora,201,0.041597716873735924,0.00010986651061336793,0.9878783725309507
lora,202,0.041350086062190115,0.00010921247632423914,0.9879875850072749
lora,203,0.040906910822732796,0.00010804197657548583,0.9880956269838503
lora,204,0.04046643449889155,0.00010687860511317375,0.9882025055889635
lora,205,0.04020947968392227,0.000106199944575345,0.9883087055335389
lora,206,0.04008098013346733,0.00010586055582315162,0.9884145660893621
lora,207,0.03970917648620668,0.00010487856035734655,0.9885194446497194
lora,208,0.039553596426412575,0.00010446764746175469,0.9886239122971812
lora,209,0.03902449484644917,0.0001030702019113884,0.9887269824990925
lora,210,0.038604191622300985,0.00010196011097113622,0.9888289426100637
lora,211,0.038327644348706495,0.00010122970348118452,0.9889301723135449
lora,212,0.037872563185685416,0.00010002775820186157,0.9890302000717467
lora,213,0.03717409804506797,9.818299523043118e-05,0.9891283830669771
lora,214,0.03706652877852726,9.78988868501578e-05,0.9892262819538273
lora,215,0.03668568353523066,9.689301102068134e-05,0.989323174964848
lora,216,0.036236138954718264,9.57056887795121e-05,0.9894188806536275
lora,217,0.0357957188327854,9.454246575581704e-05,0.9895134231193833
lora,218,0.03554622243528205,9.388350414291166e-05,0.9896073066235263
lora,219,0.035269825973796916,9.315349497290294e-05,0.9897004601184991
lora,220,0.03500043381603382,9.24419853376536e-05,0.9897929021038367
lora,221,0.03489112384665372,9.215327947075472e-05,0.9898850553833075
lora,222,0.03414192158229781,9.017451129032153e-05,0.9899752298945979
lora,223,0.0338612915050616,8.943332043475875e-05,0.9900646632150326
lora,224,0.03357067596740488,8.866575631220636e-05,0.9901533289713448
lora,225,0.033444916495876845,8.8333604565626e-05,0.9902416625759104
lora,226,0.03311111032709219,8.745196678014596e-05,0.9903291145426906
lora,227,0.032590639247416696,8.607731582099144e-05,0.9904151918585116
lora,228,0.03237772503706154,8.551497386788076e-05,0.9905007068323795
lora,229,0.03215147295113267,8.491740436002887e-05,0.9905856242367395
lora,230,0.0317138738148165,8.376163203001342e-05,0.9906693858687695
lora,231,0.03137686058956743,8.287152387333114e-05,0.9907522573926428
lora,232,0.03120376974473446,8.241436207287364e-05,0.9908346717547157
lora,233,0.030569809283371784,8.073996672160534e-05,0.9909154117214374
lora,234,0.030335859395345888,8.012206603407934e-05,0.9909955337874714
lora,235,0.03029124126322704,8.0004222102864e-05,0.9910755380095743
lora,236,0.02983363479459164,7.87956070700803e-05,0.9911543336166443
lora,237,0.02967554307837175,7.83780604708119e-05,0.9912327116771151
lora,238,0.02955547150087729,7.8060931401368e-05,0.9913107726085165
lora,239,0.029167262082815094,7.703560555766361e-05,0.9913878082140742
lora,240,0.028784479056653697,7.602461172033282e-05,0.9914638328257945
lora,241,0.02851686891651455,7.531780869094815e-05,0.9915391506344855
lora,242,0.02829842007164141,7.47408488446522e-05,0.9916138914833301
lora,243,0.028127021943392085,7.428815779111255e-05,0.9916881796411212
lora,244,0.02781424037749755,7.346204948970443e-05,0.9917616416906109
lora,245,0.027672042736017057,7.308648179366156e-05,0.9918347281724046
lora,246,0.027519451362260243,7.268346251653998e-05,0.9919074116349211
lora,247,0.02729674472571615,7.209525713205197e-05,0.9919795068920532
lora,248,0.026980940462313974,7.126116538220575e-05,0.9920507680574354
lora,249,0.026886880912009154,7.101273841653308e-05,0.992121780795852
lora,250,0.026563071144599614,7.015750279492919e-05,0.9921919382986469
lora,251,0.026138718827932266,6.903671752576513e-05,0.9922609750161727
lora,252,0.025846153551016677,6.826400381652682e-05,0.9923292390199893
lora,253,0.02563360320629041,6.770262289325101e-05,0.9923969416428825
lora,254,0.025170878546024785,6.648048986242982e-05,0.992463422132745
lora,255,0.024927822441473135,6.583853813773727e-05,0.9925292606708827
lora,256,0.024808956689435842,6.552459385451106e-05,0.9925947852647372
full_real,1,289.6385910312374,0.7685979332642815,0.7685979332642815
full_real,2,11.968762509528858,0.03176084407744812,0.8003587773417297
full_real,3,7.579894567197368,0.020114347601147987,0.8204731249428776
full_real,4,4.324514977814516,0.01147572656835703,0.8319488515112347
full_real,5,2.7596044569622125,0.0073230099438624345,0.8392718614550971
full_real,6,2.4239919793433184,0.006432413646742045,0.8457042751018392
full_real,7,2.308058179857315,0.006124766525675889,0.851829041627515
full_real,8,2.0194488813192137,0.0053588999690563155,0.8571879415965714
full_real,9,1.633363194263791,0.00433436570351808,0.8615223073000895
full_real,10,1.4656680682669634,0.003889362408892351,0.8654116697089819
full_real,11,1.4427752269850194,0.0038286129402763,0.8692402826492581
full_real,12,1.322586221478192,0.003509674013993255,0.8727499566632514
full_real,13,1.2206597266546508,0.0032391973037340293,0.8759891539669854
full_real,14,1.2046973926690805,0.0031968389395819943,0.8791859929065674
full_real,15,1.1095780955839807,0.0029444261140228675,0.8821304190205903
full_real,16,1.0784585406917624,0.002861845869832674,0.8849922648904229
full_real,17,0.9877111632284052,0.002621034565927499,0.8876132994563505
full_real,18,0.9210004417602271,0.0024440080085738865,0.8900573074649244
full_real,19,0.9129148767827066,0.0024225517913313223,0.8924798592562557
full_real,20,0.8545818773391788,0.0022677567322414013,0.8947476159884972
full_real,21,0.8318773630559922,0.002207507016581293,0.8969551230050785
full_real,22,0.7914724939529538,0.0021002868468662016,0.8990554098519448
full_real,23,0.755690484376887,0.0020053341041730097,0.9010607439561178
full_real,24,0.7414003702448004,0.0019674132174951433,0.903028157173613
full_real,25,0.7045638188544886,0.001869662095428251,0.9048978192690412
full_real,26,0.6653747088055909,0.001765668118372891,0.9066634873874141
full_real,27,0.6465428627893949,0.0017156950886185846,0.9083791824760327
full_real,28,0.6270810500724363,0.001664050351021385,0.910043232827054
full_real,29,0.6159722753441133,0.0016345716090247194,0.9116778044360787
full_real,30,0.5871377116691417,0.0015580549198354317,0.9132358593559141
full_real,31,0.5748290497061824,0.0015253921033499072,0.914761251459264
full_real,32,0.5479084120261973,0.0014539542938738848,0.9162152057531379
full_real,33,0.5349482984787125,0.0014195627562959626,0.9176347685094338
full_real,34,0.5331062278718748,0.0014146745552578984,0.9190494430646917
full_real,35,0.5150565048362612,0.0013667770020631684,0.9204162200667548
full_real,36,0.4926363154916027,0.0013072817837901313,0.921723501850545
full_real,37,0.48530340092982044,0.0012878228333894869,0.9230113246839344
full_real,38,0.47480604506988017,0.001259966579877262,0.9242712912638117
full_real,39,0.46537436231689405,0.0012349382442354564,0.9255062295080472
full_real,40,0.4471458821258045,0.0011865663330493902,0.9266927958410965
full_real,41,0.42212861644947985,0.0011201793967427127,0.9278129752378392
full_real,42,0.4189279514355272,0.0011116859687570408,0.9289246612065962
full_real,43,0.41816124518437847,0.0011096514027209487,0.9300343126093171
full_real,44,0.40453374879035814,0.0010734888681404623,0.9311078014774576
full_real,45,0.39168082913983227,0.0010393817850869454,0.9321471832625445
full_real,46,0.3863743236238497,0.0010253002044594529,0.933172483467004
full_real,47,0.3782537050783868,0.0010037509674995298,0.9341762344345035
full_real,48,0.3677265040343502,0.0009758155154705165,0.935152049949974
full_real,49,0.35692166521243107,0.0009471433114033276,0.9360991932613774
full_real,50,0.3559194302886987,0.0009444837359362487,0.9370436769973136
full_real,51,0.34933266744373187,0.000927004807139093,0.9379706818044528
full_real,52,0.33979535882906603,0.0009016961779815053,0.9388723779824343
full_real,53,0.32598295401785754,0.0008650429621461904,0.9397374209445805
full_real,54,0.3229798847851728,0.0008570738831727255,0.9405944948277531
full_real,55,0.31928136547279984,0.0008472593267301369,0.9414417541544833
full_real,56,0.31362572247868875,0.0008322512592586114,0.9422740054137418
full_real,57,0.30054540077035635,0.0007975407319229363,0.9430715461456648
full_real,58,0.2980270344420542,0.0007908578822783368,0.9438624040279431
full_real,59,0.2940073259019776,0.000780191003720381,0.9446425950316635
full_real,60,0.286818300396347,0.0007611138837615424,0.945403708915425
full_real,61,0.27996702801157225,0.0007429330406065618,0.9461466419560316
full_real,62,0.27778196045678566,0.0007371346475102817,0.9468837766035418
full_real,63,0.27295602009391184,0.0007243283160896132,0.9476081049196314
full_real,64,0.26277786037925255,0.0006973190957600018,0.9483054240153914
full_real,65,0.2577457383733208,0.0006839656314998622,0.9489893896468913
full_real,66,0.250433803890913,0.0006645623547771952,0.9496539520016685
full_real,67,0.25023322889804345,0.0006640300999956925,0.9503179821016642
full_real,68,0.24510372457138097,0.0006504182176491245,0.9509684003193133
full_real,69,0.2379989250408051,0.0006315646035087742,0.9515999649228221
full_real,70,0.2341294536280018,0.0006212964009183774,0.9522212613237404
full_real,71,0.2306908200525733,0.0006121714889033122,0.9528334328126438
full_real,72,0.22817017662516123,0.0006054825966465611,0.9534389154092904
full_real,73,0.2245936269999721,0.0005959917044268809,0.9540349071137173
full_real,74,0.22018209510820957,0.0005842850658796286,0.9546191921795969
full_real,75,0.21829822332310606,0.0005792859393633375,0.9551984781189602
full_real,76,0.21506261693162962,0.0005706997893738243,0.955769177908334
full_real,77,0.20885843909809343,0.0005542361052926318,0.9563234140136266
full_real,78,0.20461523894611103,0.0005429761593868439,0.9568663901730134
full_real,79,0.20341127592502303,0.0005397812692085697,0.9574061714422221
full_real,80,0.19909080919589542,0.0005283162852541822,0.9579344877274762
full_real,81,0.19439744869844805,0.0005158617737004603,0.9584503495011767
full_real,82,0.1889141077320277,0.0005013109346041621,0.9589516604357808
full_real,83,0.18851179004505353,0.0005002433263768777,0.9594519037621577
full_real,84,0.1849377742524336,0.0004907591580487514,0.9599426629202065
full_real,85,0.18038348384278535,0.0004786736891066537,0.9604213366093132
full_real,86,0.17779591648535964,0.00047180720451280673,0.960893143813826
full_real,87,0.17386928333083818,0.00046138731496526123,0.9613545311287912
full_real,88,0.17061513679027282,0.0004527519660060202,0.9618072830947972
full_real,89,0.16902365908088043,0.0004485287495005123,0.9622558118442978
full_real,90,0.16625406998428313,0.00044117924386986797,0.9626969910881676
full_real,91,0.16480591918567009,0.0004373363660720369,0.9631343274542397
full_real,92,0.16374371995858636,0.00043451766664477924,0.9635688451208845
full_real,93,0.15969680188915936,0.00042377858366147606,0.963992623704546
full_real,94,0.15687820903075964,0.0004162990394544479,0.9644089227440004
full_real,95,0.15550969573061474,0.0004126674912881933,0.9648215902352886
full_real,96,0.15070970945059162,0.0003999300327838299,0.9652215202680724
full_real,97,0.15022606285410844,0.0003986466065209008,0.9656201668745933
full_real,98,0.14605520997224786,0.00038757864457034124,0.9660077455191637
full_real,99,0.14192185084179312,0.00037661017771723485,0.966384355696881
full_real,100,0.1405687109400866,0.00037301942508939564,0.9667573751219704
full_real,101,0.13975003263331695,0.00037084694367954237,0.9671282220656499
full_real,102,0.13735863197555911,0.00036450101582298375,0.9674927230814728
full_real,103,0.13656897881125488,0.000362405556830731,0.9678551286383036
full_real,104,0.13322297721061063,0.00035352645717140143,0.9682086550954749
full_real,105,0.13194737023570222,0.00035014144938952624,0.9685587965448644
full_real,106,0.12757916424299737,0.00033854978238786104,0.9688973463272523
full_real,107,0.12693067235629873,0.0003368289152821325,0.9692341752425344
full_real,108,0.12286702431039385,0.0003260454368841897,0.9695602206794186
full_real,109,0.12204918694425539,0.00032387518703204713,0.9698840958664506
full_real,110,0.11998629870911141,0.000318401014448754,0.9702024968808994
full_real,111,0.11838709615449315,0.00031415729894808717,0.9705166541798476
full_real,112,0.11645204724780167,0.0003090223665305766,0.9708256765463782
full_real,113,0.11589240932558036,0.00030753728628327896,0.9711332138326615
full_real,114,0.11448572836358822,0.00030380445470065063,0.9714370182873622
full_real,115,0.11280594333689306,0.0002993469019441295,0.9717363651893063
full_real,116,0.1099569026971556,0.00029178656014129293,0.9720281517494476
full_real,117,0.10931822013349592,0.0002900917234943772,0.9723182434729419
full_real,118,0.10830436049207197,0.0002874013001559538,0.9726056447730979
full_real,119,0.1077587921211917,0.00028595355550003636,0.9728915983285978
full_real,120,0.10514889434374045,0.0002790278139038009,0.9731706261425016
full_real,121,0.10416251487019985,0.00027641031316925327,0.9734470364556709
full_real,122,0.10303033208896933,0.00027340590224931015,0.9737204423579202
full_real,123,0.10114279329955397,0.0002683970448061929,0.9739888394027264
full_real,124,0.09914318072141028,0.0002630907833393818,0.9742519301860658
full_real,125,0.09880751540821597,0.0002622000468354129,0.9745141302329012
full_real,126,0.09766259431279845,0.00025916183295460557,0.9747732920658558
full_real,127,0.09670959957044906,0.00025663292343749473,0.9750299249892933
full_real,128,0.095764520206319,0.0002541250185224251,0.9752840500078157
full_real,129,0.09457596152037474,0.00025097100597759283,0.9755350210137933
full_real,130,0.09306470367850952,0.00024696066450427106,0.9757819816782975
full_real,131,0.09107387616575172,0.00024167771548030522,0.9760236593937779
full_real,132,0.09082025149996914,0.00024100468571154658,0.9762646640794894
full_real,133,0.09023214309145386,0.00023944405490709884,0.9765041081343965
full_real,134,0.08862477668658836,0.00023517867544789264,0.9767392868098443
full_real,135,0.0869871227163982,0.00023083292354926375,0.9769701197333936
full_real,136,0.08638367180872948,0.00022923157920212662,0.9771993513125957
full_real,137,0.08485356930766777,0.00022517123069742165,0.9774245225432932
full_real,138,0.08403036479806247,0.00022298673835307025,0.9776475092816462
full_real,139,0.08250189404476756,0.00021893071992729813,0.9778664400015735
full_real,140,0.08168251395342188,0.00021675637623047264,0.9780831963778039
full_real,141,0.08126987539412721,0.00021566138007429804,0.9782988577578783
full_real,142,0.08082947403291305,0.00021449271130391488,0.9785133504691822
full_real,143,0.07789986048486648,0.00020671855762406638,0.9787200690268063
full_real,144,0.0773933524131169,0.00020537446512678442,0.9789254434919331
full_real,145,0.07635822165199727,0.00020262759579275626,0.9791280710877258
full_real,146,0.07588724104762913,0.00020137778057360313,0.9793294488682994
full_real,147,0.07519407614928646,0.0001995383671640134,0.9795289872354634
full_real,148,0.07411332245354732,0.00019667043076798514,0.9797256576662314
full_real,149,0.07326407515952624,0.00019441683012488408,0.9799200744963563
full_real,150,0.07273014071951564,0.00019299995778881298,0.9801130744541451
full_real,151,0.07196003294796734,0.00019095636532589098,0.9803040308194709
full_real,152,0.07155025533329627,0.00018986896110046377,0.9804938997805714
full_real,153,0.07082607307662075,0.00018794723864004953,0.9806818470192115
full_real,154,0.0701246246222341,0.00018608584361525855,0.9808679328628267
full_real,155,0.06901182779537862,0.0001831328761318201,0.9810510657389585
full_real,156,0.06842364527728943,0.00018157204866688892,0.9812326377876254
full_real,157,0.06773767430695123,0.00017975172538674846,0.9814123895130121
full_real,158,0.06665582081727497,0.00017688087052828715,0.9815892703835404
full_real,159,0.06613963898455859,0.00017551110730577654,0.9817647814908461
full_real,160,0.06431483722865552,0.00017066873166373764,0.9819354502225098
full_real,161,0.06385017558838027,0.00016943568473062288,0.9821048859072404
full_real,162,0.06350748266738111,0.00016852629945193312,0.9822734122066924
full_real,163,0.06305105177947885,0.00016731509401183406,0.9824407273007042
full_real,164,0.06217574503167348,0.0001649923408354007,0.9826057196415396
full_real,165,0.06164954391100161,0.00016359598998177385,0.9827693156315214
full_real,166,0.06084037023677609,0.00016144873049039437,0.9829307643620118
full_real,167,0.06029184491092359,0.0001599931391263697,0.9830907575011382
full_real,168,0.0598356798196009,0.0001587826390159748,0.9832495401401541
full_real,169,0.059224647234882216,0.00015716117559116046,0.9834067013157453
full_real,170,0.05797329585565337,0.000153840533543986,0.9835605418492892
full_real,171,0.057052495706910865,0.00015139705704193173,0.9837119389063311
full_real,172,0.05693980409989238,0.00015109801354796135,0.9838630369198791
full_real,173,0.05637802721379976,0.00014960725725036612,0.9840126441771294
full_real,174,0.05563621224468199,0.00014763874383473863,0.9841602829209641
full_real,175,0.05500825809066879,0.00014597237657600821,0.9843062552975401
full_real,176,0.053915813679993735,0.00014307341717539296,0.9844493287147155
full_real,177,0.05381904339543754,0.00014281662321556022,0.984592145337931
full_real,178,0.053480450266575,0.0001419181173288458,0.9847340634552599
full_real,179,0.05288687018758717,0.00014034296665464685,0.9848744064219146
full_real,180,0.052198158078782746,0.00013851536936674235,0.9850129217912813
full_real,181,0.051685768736626045,0.0001371556700669836,0.9851500774613483
full_real,182,0.0505244417481345,0.00013407392077376747,0.9852841513821221
full_real,183,0.050338186992685614,0.0001335796668154501,0.9854177310489376
full_real,184,0.04984213571481832,0.00013226332293460034,0.9855499943718722
full_real,185,0.0490495778634946,0.00013016015593481995,0.985680154527807
full_real,186,0.04857276212179591,0.00012889485633398753,0.9858090493841409
full_real,187,0.047994079104130796,0.00012735923716870656,0.9859364086213096
full_real,188,0.04772485254921646,0.0001266448055283983,0.986063053426838
full_real,189,0.04718928759720729,0.00012522360639268424,0.9861882770332306
full_real,190,0.0468295456008547,0.0001242689789242916,0.9863125460121549
full_real,191,0.04627252291031582,0.00012279083857287922,0.9864353368507278
full_real,192,0.04589456993553906,0.0001217878856367728,0.9865571247363646
full_real,193,0.04551919904151676,0.00012079178462576496,0.9866779165209904
full_real,194,0.04498357722204158,0.00011937043458399695,0.9867972869555743
full_real,195,0.04476475018216895,0.00011878974535336088,0.9869160767009277
full_real,196,0.04416621636422318,0.00011720144921566738,0.9870332781501434
full_real,197,0.043953792212166415,0.00011663775097481853,0.9871499159011182
full_real,198,0.04371686173679927,0.00011600902165720192,0.9872659249227754
full_real,199,0.043227116119781646,0.00011470941076030872,0.9873806343335357
full_real,200,0.04277631426261141,0.000113513142768191,0.9874941474763039
full_real,201,0.04226898617942222,0.0001121668742518382,0.9876063143505558
full_real,202,0.04200140631657352,0.00011145681234732332,0.9877177711629032
full_real,203,0.04160930499229499,0.00011041631471750932,0.9878281874776207
full_real,204,0.041058308859594154,0.00010895416670980547,0.9879371416443304
full_real,205,0.04090485679357729,0.00010854695943685276,0.9880456886037673
full_real,206,0.04078542533808042,0.00010823003077919421,0.9881539186345465
full_real,207,0.04054747766065668,0.00010759860216865662,0.9882615172367152
full_real,208,0.0400893181613311,0.00010638280960788884,0.988367900046323
full_real,209,0.0397989961478181,0.00010561239811412781,0.9884735124444372
full_real,210,0.03934414586532344,0.00010440538703930745,0.9885779178314764
full_real,211,0.03873563966731694,0.00010279062774738746,0.9886807084592238
full_real,212,0.03835804214178556,0.00010178861804731325,0.9887824970772712
full_real,213,0.03763428534541498,9.986802460741349e-05,0.9888823651018785
full_real,214,0.03738443034095374,9.92049981807177e-05,0.9889815701000593
full_real,215,0.036979190443751336,9.812963544553436e-05,0.9890796997355048
full_real,216,0.03676345805762951,9.75571583266496e-05,0.9891772568938314
full_real,217,0.03616771087880062,9.597625693928397e-05,0.9892732331507706
full_real,218,0.03590989791141858,9.52921129058765e-05,0.9893685252636766
full_real,219,0.03568338850016075,9.469103739056679e-05,0.9894632163010671
full_real,220,0.035523298290065126,9.426621484127442e-05,0.9895574825159085
full_real,221,0.035275097759428,9.36075788003947e-05,0.9896510900947089
full_real,222,0.03459806508856711,9.181097459194529e-05,0.9897429010693009
full_real,223,0.0342729118181701,9.094813331540313e-05,0.9898338492026163
full_real,224,0.03411831198419813,9.053788027401529e-05,0.9899243870828903
full_real,225,0.03388670697632147,8.992328285537069e-05,0.9900143103657457
full_real,226,0.03363042577749626,8.92432035915881e-05,0.9901035535693373
full_real,227,0.03291845289737137,8.735388047944387e-05,0.9901909074498167
full_real,228,0.03275698189123312,8.692539378794985e-05,0.9902778328436047
full_real,229,0.03246036973346365,8.61382904857587e-05,0.9903639711340905
full_real,230,0.032136297575004705,8.527831809626047e-05,0.9904492494521867
full_real,231,0.031676420342531895,8.405796728190446e-05,0.9905333074194687
full_real,232,0.0315378240888984,8.369018205783745e-05,0.9906169976015264
full_real,233,0.031007874756464215,8.228388478165793e-05,0.9906992814863081
full_real,234,0.03079051644888645,8.170709304479966e-05,0.9907809885793529
full_real,235,0.030632719483078375,8.128835595122506e-05,0.9908622769353042
full_real,236,0.030205554911704183,8.015481291901732e-05,0.9909424317482232
full_real,237,0.030104801752039972,7.98874498234711e-05,0.9910223191980466
full_real,238,0.029853262456233515,7.921995388585018e-05,0.9911015391519324
full_real,239,0.029652635926598475,7.868756234407926e-05,0.9911802267142765
full_real,240,0.02921546840583735,7.752747503751233e-05,0.991257754189314
full_real,241,0.02890338658409724,7.669932074237929e-05,0.9913344535100564
full_real,242,0.0287827013039031,7.637906487936609e-05,0.9914108325749358
full_real,243,0.028510680620553203,7.56572186147386e-05,0.9914864897935505
full_real,244,0.028278450223002235,7.504096163405343e-05,0.9915615307551845
full_real,245,0.02795542321771755,7.418376270981346e-05,0.9916357145178943
full_real,246,0.027796422438853382,7.37618311240144e-05,0.9917094763490184
full_real,247,0.027580148183907145,7.318791607775588e-05,0.9917826642650962
full_real,248,0.02736909833720414,7.262786475512609e-05,0.9918552921298514
full_real,249,0.027138720785948367,7.201652457032808e-05,0.9919273086544217
full_real,250,0.026948684537502522,7.151223587288367e-05,0.9919988208902946
full_real,251,0.026445091207457916,7.017587806469292e-05,0.9920689967683592
full_real,252,0.02607634683818653,6.919736149645612e-05,0.9921381941298557
full_real,253,0.02599639460095791,6.898519666001296e-05,0.9922071793265157
full_real,254,0.025439079917794268,6.750628146389802e-05,0.9922746856079796
full_real,255,0.02525348764968126,6.701378551163694e-05,0.9923416993934913
full_real,256,0.025104175136715274,6.661756314200189e-05,0.9924083169566332
full_random,1,290.0682408903624,0.7683071983308509,0.7683071983308509
full_random,2,11.871179686193926,0.03144333477386495,0.7997505331047159
full_random,3,7.690475033051865,0.020369852653778595,0.8201203857584944
full_random,4,4.4076806630130925,0.011674676175999014,0.8317950619344935
full_random,5,2.7741388240021836,0.007347894485475798,0.8391429564199693
full_random,6,2.448633650700288,0.006485725062949105,0.8456286814829184
full_random,7,2.3110023050427135,0.006121179281376817,0.8517498607642952
full_random,8,2.043448439804033,0.005412506177512895,0.857162366941808
full_random,9,1.649971576102949,0.004370299330495628,0.8615326662723036
full_random,10,1.4862593767239092,0.0039366728815903385,0.865469339153894
full_random,11,1.4604572387712693,0.0038683304520279386,0.869337669605922
full_random,12,1.3247341691435395,0.0035088391438638095,0.8728465087497858
full_random,13,1.2272113692461128,0.0032505293443056684,0.8760970380940915
full_random,14,1.2005666712894707,0.0031799552160432882,0.8792769933101348
full_random,15,1.11719523788186,0.0029591283091554036,0.8822361216192902
full_random,16,1.0857787837858686,0.00287591517367428,0.8851120367929645
full_random,17,0.995533189684398,0.002636880595628174,0.8877489173885926
full_random,18,0.9273131544361384,0.0024561853771832383,0.8902051027657759
full_random,19,0.9200701670905864,0.0024370007904876193,0.8926421035562635
full_random,20,0.8576564929962252,0.002271684949864108,0.8949137885061276
full_random,21,0.8382180306530411,0.0022201980635476,0.8971339865696751
full_random,22,0.7965235649254753,0.002109761436460404,0.8992437480061355
full_random,23,0.7566595010058598,0.002004173016403973,0.9012479210225395
full_random,24,0.7422151852784511,0.001965914185605167,0.9032138352081447
full_random,25,0.706426334439607,0.0018711198308868715,0.9050849550390315
full_random,26,0.6638375860056108,0.0017583145065628318,0.9068432695455944
full_random,27,0.6505853182825506,0.0017232130674856624,0.90856648261308
full_random,28,0.6331572419251974,0.0016770511144317418,0.9102435337275118
full_random,29,0.6162876434512295,0.0016323684083874095,0.9118759021358992
full_random,30,0.5860694329529318,0.0015523290749696764,0.9134282312108689
full_random,31,0.5792153248063018,0.0015341745172317116,0.9149624057281006
full_random,32,0.5476396239574337,0.0014505395829829241,0.9164129453110835
full_random,33,0.5354803968433252,0.001418333293562083,0.9178312786046456
full_random,34,0.5280829103572198,0.0013987394831560063,0.9192300180878017
full_random,35,0.5136312521590884,0.0013604612042677012,0.9205904792920694
full_random,36,0.49480710887594903,0.0013106014721493068,0.9219010807642187
full_random,37,0.4865225386306366,0.0012886580324434863,0.9231897387966622
full_random,38,0.474293148867217,0.0012562659023792361,0.9244460046990415
full_random,39,0.465681492739006,0.0012334561064065866,0.925679460805448
full_random,40,0.4496324469119581,0.0011909468079138803,0.9268704076133619
full_random,41,0.422349464544432,0.0011186820481436893,0.9279890896615056
full_random,42,0.41934919788907027,0.0011107352061828083,0.9290998248676884
full_random,43,0.416684805662525,0.001103677998814818,0.9302035028665032
full_random,44,0.4063995130712647,0.001076435222044261,0.9312799380885475
full_random,45,0.39250622733874624,0.0010396359109442366,0.9323195739994917
full_random,46,0.3876231688074221,0.001026702095756571,0.9333462760952483
full_random,47,0.37863477115545807,0.001002894420030795,0.9343491705152791
full_random,48,0.36626777601102306,0.0009701378129578287,0.935319308328237
full_random,49,0.35728218305120296,0.0009463375660534797,0.9362656458942904
full_random,50,0.3557334823132697,0.0009422355039960752,0.9372078813982865
full_random,51,0.3489275347220095,0.0009242085096937098,0.9381320899079801
full_random,52,0.33792492176886063,0.0008950657579522405,0.9390271556659324
full_random,53,0.327783605042322,0.0008682043317663324,0.9398953599976988
full_random,54,0.3234107172547834,0.0008566218118932627,0.9407519818095921
full_random,55,0.31917340950776624,0.0008453984044854628,0.9415973802140776
full_random,56,0.3140264275561408,0.0008317655321966022,0.9424291457462741
full_random,57,0.30105476849449914,0.0007974073446171496,0.9432265530908913
full_random,58,0.2970774873449417,0.0007868726727495543,0.9440134257636409
full_random,59,0.29499712250719556,0.0007813623856699049,0.9447947881493108
full_random,60,0.2867735608638904,0.0007595805401735655,0.9455543686894844
full_random,61,0.2801157699460327,0.0007419459702135083,0.9462963146596979
full_random,62,0.278595183107751,0.0007379183737763631,0.9470342330334742
full_random,63,0.27090300876987916,0.0007175440201537045,0.9477517770536279
full_random,64,0.26331724043752136,0.000697451505382935,0.9484492285590108
full_random,65,0.2591663191397283,0.0006864569107902624,0.9491356854698011
full_random,66,0.25047966271338235,0.000663448460636248,0.9497991339304374
full_random,67,0.24969901099886052,0.0006613807391586557,0.950460514669596
full_random,68,0.24468989972380217,0.0006481130465699927,0.951108627716166
full_random,69,0.23668461322762357,0.0006269093490509683,0.951735537065217
full_random,70,0.23404581568235366,0.0006199199346195726,0.9523554569998365
full_random,71,0.23106650781657537,0.000612028606453845,0.9529674856062903
full_random,72,0.2286897203025361,0.0006057331811072642,0.9535732187873975
full_random,73,0.22541046272035625,0.0005970473725615363,0.954170266159959
full_random,74,0.22051471595009076,0.0005840799498845335,0.9547543461098436
full_random,75,0.21646575824324665,0.0005733554274674746,0.9553277015373111
full_random,76,0.21542989084040984,0.0005706117131619275,0.955898313250473
full_random,77,0.20845867093347042,0.0005521469601120638,0.9564504602105851
full_random,78,0.20410693991536402,0.0005406204784257267,0.9569910806890108
full_random,79,0.20260896858249877,0.0005366527839466588,0.9575277334729575
full_random,80,0.1992669768859956,0.000527800810806463,0.958055534283764
full_random,81,0.19420205469391255,0.0005143852911783286,0.9585699195749423
full_random,82,0.18869884487564048,0.0004998088739038102,0.9590697284488461
full_random,83,0.18753924523781185,0.0004967374285563607,0.9595664658774025
full_random,84,0.18606002686325296,0.0004928194052609169,0.9600592852826634
full_random,85,0.18078177364487336,0.00047883883320709163,0.9605381241158705
full_random,86,0.17786694099425,0.0004711182813103047,0.9610092423971808
full_random,87,0.17404040960606929,0.0004609829021279647,0.9614702252993087
full_random,88,0.1707564382131628,0.0004522846080557215,0.9619225099073644
full_random,89,0.16905955137481943,0.0004477900437123439,0.9623702999510767
full_random,90,0.1667246463241285,0.0004416055529443837,0.9628119055040211
full_random,91,0.16464007150923304,0.0004360841148482057,0.9632479896188693
full_random,92,0.16359502304597684,0.00043331608255877004,0.9636813057014281
full_random,93,0.16000184778787147,0.0004237987965325824,0.9641051044979606
full_random,94,0.15669335878661209,0.0004150355623795997,0.9645201400603403
full_random,95,0.15479786525835326,0.0004100149461353648,0.9649301550064756
full_random,96,0.15126657290493498,0.0004006615700945612,0.9653308165765702
full_random,97,0.1502344136353525,0.00039792767756565155,0.9657287442541358
full_random,98,0.14655053355515257,0.0003881701405987727,0.9661169143947346
full_random,99,0.14198083226837946,0.000376066318470322,0.9664929807132049
full_random,100,0.14120819373090773,0.0003740198215900526,0.9668670005347949
full_random,101,0.13953202960887576,0.0003695801457517459,0.9672365806805466
full_random,102,0.13797610875103303,0.0003654589596768956,0.9676020396402235
full_random,103,0.1357525700796354,0.00035956944636182875,0.9679616090865854
full_random,104,0.13347263122865027,0.0003535305452205344,0.9683151396318059
full_random,105,0.13192028954982177,0.00034941883935969275,0.9686645584711656
full_random,106,0.12800989649516742,0.0003390613347843143,0.96900361980595
full_random,107,0.12672926265997686,0.00033566930471931025,0.9693392891106692
full_random,108,0.12357166969572027,0.00032730575069357275,0.9696665948613629
full_random,109,0.1223949601470358,0.00032418898612181587,0.9699907838474847
full_random,110,0.12009405828453033,0.0003180945600026738,0.9703088784074874
full_random,111,0.11855276911107654,0.0003140121290442238,0.9706228905365316
full_random,112,0.11632041762222135,0.00030809927311477954,0.9709309898096464
full_random,113,0.115664537742824,0.0003063620362803209,0.9712373518459267
full_random,114,0.11452125204770623,0.00030333380186688965,0.9715406856477936
full_random,115,0.11252640221804916,0.0002980500194058725,0.9718387356671995
full_random,116,0.1096934241977235,0.00029054627684154267,0.972129281944041
full_random,117,0.10895382269739183,0.0002885872855543307,0.9724178692295954
full_random,118,0.10803859858791184,0.0002861631205742521,0.9727040323501697
full_random,119,0.10722971590818683,0.00028402062340348195,0.9729880529735732
full_random,120,0.10469233146410122,0.0002772998230589156,0.9732653527966321
full_random,121,0.10440909959882917,0.00027654962344996414,0.973541902420082
full_random,122,0.10302243678307642,0.0002728767531635433,0.9738147791732455
full_random,123,0.10139344385381559,0.0002685620202243581,0.97408334119347
full_random,124,0.09921915261100323,0.0002628029491588985,0.9743461441426289
full_random,125,0.09903000167309746,0.00026230194282081073,0.9746084460854497
full_random,126,0.09757771120416048,0.00025845524378913937,0.9748669013292388
full_random,127,0.09681603945380692,0.0002564377947682964,0.9751233391240071
full_random,128,0.09582224746486397,0.0002538055261117736,0.9753771446501188
full_random,129,0.09444132609350549,0.0002501478632573812,0.9756272925133762
full_random,130,0.0927646321667216,0.0002457067841189291,0.9758729992974952
full_random,131,0.09083784504675838,0.00024060328016629046,0.9761136025776614
full_random,132,0.09048137765935763,0.00023965910075916363,0.9763532616784206
full_random,133,0.08998819446497429,0.00023835280056863796,0.9765916144789892
full_random,134,0.08871128991295679,0.00023497064830031267,0.9768265851272896
full_random,135,0.08731378196047943,0.00023126905237130915,0.977057854179661
full_random,136,0.0867586100948222,0.00022979856205018355,0.9772876527417111
full_random,137,0.08545846412932785,0.00022635484997365985,0.9775140075916848
full_random,138,0.0841055244325793,0.000222771302513487,0.9777367788941983
full_random,139,0.08247828731005248,0.00021846122020047331,0.9779552401143988
full_random,140,0.08182905167677211,0.00021674158205969962,0.9781719816964586
full_random,141,0.08153553026003911,0.00021596412839345884,0.978387945824852
full_random,142,0.08117027898510008,0.0002149966829989758,0.978602942507851
full_random,143,0.0777093281820305,0.00020582962145888683,0.9788087721293098
full_random,144,0.07706228326419576,0.00020411578589215988,0.979012887915202
full_random,145,0.07640298306547472,0.00020236948961724368,0.9792152574048193
full_random,146,0.07574536447751233,0.00020062764744473694,0.9794158850522641
full_random,147,0.07519798804900758,0.00019917780499067875,0.9796150628572547
full_random,148,0.07411537150833528,0.00019631026568793595,0.9798113731229426
full_random,149,0.07312777431823252,0.0001936944052687525,0.9800050675282114
full_random,150,0.07245554320877477,0.00019191385873682957,0.9801969813869482
full_random,151,0.07200760053177226,0.00019072738764256488,0.9803877087745908
full_random,152,0.07106308020451572,0.00018822562542215244,0.980575934400013
full_random,153,0.0709562329266209,0.00018794261776686183,0.9807638770177799
full_random,154,0.06979915736499409,0.00018487785797005732,0.98094875487575
full_random,155,0.06924284242428959,0.0001834043399724637,0.9811321592157224
full_random,156,0.0683556917727451,0.00018105453349419033,0.9813132137492165
full_random,157,0.06799116263128821,0.00018008900082324705,0.9814933027500398
full_random,158,0.06667398048113836,0.0001766001648018794,0.9816699029148417
full_random,159,0.06607365715701757,0.0001750100812759058,0.9818449129961175
full_random,160,0.06438370792589058,0.00017053389265524497,0.9820154468887727
full_random,161,0.06375700806179758,0.00016887394527425052,0.9821843208340469
full_random,162,0.06349576798543043,0.00016818199557803662,0.9823525028296249
full_random,163,0.0628587929287272,0.0001664948321722115,0.9825189976617972
full_random,164,0.062223393269252525,0.00016481184153975585,0.9826838095033369
full_random,165,0.06168880062775688,0.00016339585965433788,0.9828472053629912
full_random,166,0.06077800294585934,0.0001609834190056237,0.9830081887819968
full_random,167,0.060293007850349176,0.0001596988067299335,0.9831678875887268
full_random,168,0.05987503198517108,0.0001585917090864301,0.9833264792978131
full_random,169,0.05910751703240009,0.00015655878310587298,0.983483038080919
full_random,170,0.058244679568797836,0.000154273375257567,0.9836373114561765
full_random,171,0.057120878917545866,0.000151296751111485,0.983788608207288
full_random,172,0.056823048186715734,0.00015050788331376073,0.9839391160906017
full_random,173,0.05602675593490486,0.0001483987345590971,0.9840875148251608
full_random,174,0.055284430218907,0.00014643252760946133,0.9842339473527703
full_random,175,0.05502727793858259,0.00014575140530722656,0.9843796987580775
full_random,176,0.05408964027957798,0.0001432678732920425,0.9845229666313695
full_random,177,0.05361433047860135,0.00014200891457113386,0.9846649755459407
full_random,178,0.053406408877603194,0.00014145819015454482,0.9848064337360952
full_random,179,0.0529940224128281,0.00014036589722234244,0.9849467996333175
full_random,180,0.052101356766108595,0.00013800148311078004,0.9850848011164284
full_random,181,0.05162943932472735,0.00013675150977306418,0.9852215526262015
full_random,182,0.050513880941097204,0.0001337967170192262,0.9853553493432207
full_random,183,0.05025781505046459,0.00013311847225028442,0.985488467815471
full_random,184,0.049501871209388565,0.00013111619481084524,0.9856195840102818
full_random,185,0.0490147728889566,0.00012982601169829897,0.9857494100219801
full_random,186,0.04854485497405469,0.00012858133453014177,0.9858779913565102
full_random,187,0.048137502641623704,0.00012750237556413113,0.9860054937320744
full_random,188,0.04763298267903049,0.00012616604754086267,0.9861316597796153
full_random,189,0.04696177929123602,0.00012438822314752806,0.9862560480027628
full_random,190,0.046743518981346696,0.00012381011446977981,0.9863798581172326
full_random,191,0.046344454654504014,0.00012275310804270884,0.9865026112252753
full_random,192,0.04583956136707916,0.00012141579118952026,0.9866240270164648
full_random,193,0.0454645486059641,0.00012042249043054633,0.9867444495068953
full_random,194,0.044998499785975594,0.00011918806138008676,0.9868636375682754
full_random,195,0.04468937721136127,0.00011836928474148013,0.986982006853017
full_random,196,0.04399296646794388,0.00011652469332561134,0.9870985315463425
full_random,197,0.04379949304866908,0.00011601223797973051,0.9872145437843223
full_random,198,0.04369980494793175,0.000115748192922094,0.9873302919772444
full_random,199,0.043108536092825875,0.00011418209207585075,0.9874444740693202
full_random,200,0.04267390659668481,0.00011303088376201709,0.9875575049530823
full_random,201,0.04233149745398108,0.00011212394059476078,0.987669628893677
full_random,202,0.041666773517871326,0.0001103632784021391,0.9877799921720792
full_random,203,0.04152144426491922,0.00010997834308199369,0.9878899705151613
full_random,204,0.04111904287641126,0.00010891249774001482,0.9879988830129013
full_random,205,0.040731638463536744,0.00010788637506569858,0.9881067693879669
full_random,206,0.04061714556157782,0.0001075831163550489,0.988214352504322
full_random,207,0.040466055778236906,0.00010718292304957446,0.9883215354273716
full_random,208,0.04002449783481436,0.00010601336327505253,0.9884275487906466
full_random,209,0.039587107060795414,0.00010485484113167428,0.9885324036317783
full_random,210,0.03929590430741968,0.00010408352893663496,0.988636487160715
full_random,211,0.03871250269475058,0.00010253826614896936,0.9887390254268639
full_random,212,0.03827665055341847,0.00010138381940028188,0.9888404092462642
full_random,213,0.03755285298099176,9.946668816480812e-05,0.988939875934429
full_random,214,0.03732663609587863,9.886750481166712e-05,0.9890387434392407
full_random,215,0.037038808515327974,9.810513247701776e-05,0.9891368485717177
full_random,216,0.03662461800072909,9.700806113659836e-05,0.9892338566328542
full_random,217,0.036336004454233635,9.62436070046065e-05,0.9893301002398588
full_random,218,0.035792285383589015,9.480345183779552e-05,0.9894249036916966
full_random,219,0.03554063305040186,9.413689731093326e-05,0.9895190405890075
full_random,220,0.035488973918380365,9.400006715376125e-05,0.9896130406561613
full_random,221,0.03529842572736418,9.34953598947477e-05,0.9897065360160561
full_random,222,0.034529350064824785,9.14583000436714e-05,0.9897979943160997
full_random,223,0.0344024495094608,9.112217703393046e-05,0.9898891164931336
full_random,224,0.034019065897088946,9.010670430170977e-05,0.9899792231974354
full_random,225,0.03386372653437508,8.969525508482602e-05,0.9900689184525202
full_random,226,0.03352085715255486,8.878709287674997e-05,0.990157705545397
full_random,227,0.03283828030077632,8.697914345413916e-05,0.9902446846888511
full_random,228,0.032598133654279236,8.634306417640651e-05,0.9903310277530275
full_random,229,0.03248798750070507,8.6051318749883e-05,0.9904170790717773
full_random,230,0.032136795280131095,8.512111173984783e-05,0.9905022001835172
full_random,231,0.03162257257440462,8.375908394548428e-05,0.9905859592674627
full_random,232,0.03151575561122987,8.347615658515315e-05,0.9906694354240478
full_random,233,0.03094312051013934,8.195941118471112e-05,0.9907513948352326
full_random,234,0.03074871374467374,8.144448367367797e-05,0.9908328393189062
full_random,235,0.030602989822578894,8.105850298868188e-05,0.9909138978218949
full_random,236,0.030226897668917604,8.006234322983762e-05,0.9909939601651248
full_random,237,0.030034936471823027,7.955389332482469e-05,0.9910735140584496
full_random,238,0.029736417808702814,7.876320339266473e-05,0.9911522772618422
full_random,239,0.029635294401174354,7.849535662086585e-05,0.991230772618463
full_random,240,0.029138583080109196,7.71797114392514e-05,0.9913079523299023
full_random,241,0.02891688591093818,7.659249951146216e-05,0.9913845448294137
full_random,242,0.028795793136684438,7.627175964059789e-05,0.9914608165890544
full_random,243,0.028362125539656276,7.51230991203808e-05,0.9915359396881748
full_random,244,0.028242737476486836,7.480687453803319e-05,0.9916107465627128
full_random,245,0.027915890604367083,7.394115134189589e-05,0.9916846877140546
full_random,246,0.027862960429286304,7.380095455786104e-05,0.9917584886686125
full_random,247,0.027520708833320605,7.289442868652285e-05,0.991831383097299
full_random,248,0.027230344658907904,7.212533764555297e-05,0.9919035084349446
full_random,249,0.02718278949798942,7.199937772543451e-05,0.99197550781267
full_random,250,0.02682977749496816,7.106435063599544e-05,0.9920465721633059
full_random,251,0.02641824059845344,6.997430796534503e-05,0.9921165464712712
full_random,252,0.026040268386993377,6.897316847505675e-05,0.9921855196397463
full_random,253,0.025945708228391637,6.872270585872197e-05,0.992254242345605
full_random,254,0.025340557703049913,6.711983646748284e-05,0.9923213621820725
full_random,255,0.02523903988514121,6.685094501622059e-05,0.9923882131270887
full_random,256,0.02504989943945947,6.634996646901137e-05,0.9924545630935577
clip,1,319.7605889587202,0.4449853317155255,0.4449853317155255
clip,2,34.00866275899888,0.047327146000998306,0.4923124777165238
clip,3,16.036455235095875,0.022316656894985708,0.5146291346115095
clip,4,9.190289941935358,0.012789394189231702,0.5274185288007412
clip,5,5.881529489410173,0.008184855924122972,0.5356033847248642
clip,6,5.022391484035943,0.006989262021960686,0.542592646746825
clip,7,4.348639917703194,0.006051655654600831,0.5486443024014258
clip,8,4.231374221368311,0.0058884663292610336,0.5545327687306868
clip,9,3.8155648755171594,0.0053098175961681735,0.559842586326855
clip,10,3.3853077425239926,0.004711063028973366,0.5645536493558284
clip,11,3.0853439510003993,0.004293627322751907,0.5688472766785804
clip,12,2.924358312017818,0.004069596437027752,0.5729168731156081
clip,13,2.685296114523304,0.003736912626308126,0.5766537857419163
clip,14,2.5896819508596596,0.003603854013696983,0.5802576397556133
clip,15,2.4986088556748727,0.0034771148442354397,0.5837347545998487
clip,16,2.359788751401928,0.0032839299669188207,0.5870186845667675
clip,17,2.2835973045596636,0.003177900401619991,0.5901965849683876
clip,18,2.1410883530635045,0.002979582049566491,0.5931761670179541
clip,19,2.0875473351535696,0.0029050732813264033,0.5960812402992804
clip,20,2.006038778729904,0.0027916443183139514,0.5988728846175944
clip,21,1.9470839431510882,0.002709601571421024,0.6015824861890153
clip,22,1.8874271139906584,0.002626581915998519,0.6042090681050138
clip,23,1.830650009246733,0.0025475697435772817,0.6067566378485911
clip,24,1.769110434265499,0.0024619300208214793,0.6092185678694126
clip,25,1.753769642919104,0.0024405814639268226,0.6116591493333394
clip,26,1.6700448618222818,0.002324068357635325,0.6139832176909747
clip,27,1.628142551009832,0.002265756250639137,0.6162489739416139
clip,28,1.573416652527438,0.0021895985785228833,0.6184385725201368
clip,29,1.5272882928687042,0.0021254054160975895,0.6205639779362344
clip,30,1.488811353627581,0.0020718601257684564,0.6226358380620028
clip,31,1.4535681154512794,0.002022814919535629,0.6246586529815384
clip,32,1.42787286464124,0.0019870568864945553,0.626645709868033
clip,33,1.3749888830347294,0.0019134624633223838,0.6285591723313554
clip,34,1.3385060337059476,0.0018626921890263501,0.6304218645203817
clip,35,1.3213114928118526,0.001838763916601124,0.6322606284369828
clip,36,1.3069163957296166,0.0018187314070567944,0.6340793598440396
clip,37,1.2988135920220896,0.0018074553808042747,0.6358868152248439
clip,38,1.2643102027545299,0.0017594397633433091,0.6376462549881873
clip,39,1.24597537838055,0.0017339246492619595,0.6393801796374492
clip,40,1.2374958230391513,0.0017221243277818173,0.641102303965231
clip,41,1.211282160749886,0.0016856448627944253,0.6427879488280255
clip,42,1.1803381668693915,0.0016425825722652676,0.6444305314002907
clip,43,1.173460858799356,0.0016330119706385309,0.6460635433709292
clip,44,1.1528107186786885,0.0016042748161271172,0.6476678181870563
clip,45,1.131673135188401,0.001574859325519848,0.6492426775125761
clip,46,1.118916308296546,0.0015571066660548553,0.650799784178631
clip,47,1.0854680071605296,0.0015105593306724684,0.6523103435093035
clip,48,1.0654709192052663,0.0014827309768215625,0.6537930744861251
clip,49,1.0591191208226594,0.0014738916851518833,0.655266966171277
clip,50,1.0400559677843264,0.0014473630141048036,0.6567143291853818
clip,51,1.0318751172386897,0.0014359783762868039,0.6581503075616686
clip,52,1.0158177089917515,0.0014136325607548659,0.6595639401224235
clip,53,1.0115561858631,0.001407702138593737,0.6609716422610172
clip,54,0.998116665945729,0.0013889994296451343,0.6623606416906623
clip,55,0.9908943759877408,0.0013789487442146169,0.663739590434877
clip,56,0.9763808156637686,0.0013587513788164383,0.6650983418136934
clip,57,0.9694102030087737,0.0013490509326337357,0.6664473927463271
clip,58,0.9457018411996299,0.0013160578946911034,0.6677634506410183
clip,59,0.9368606948248819,0.0013037543757830222,0.6690672050168013
clip,60,0.9276438707457134,0.0012909280561493605,0.6703581330729507
clip,61,0.9224428957101735,0.0012836902736290993,0.6716418233465797
clip,62,0.913038458470786,0.0012706028677102075,0.6729124262142899
clip,63,0.9026918780742618,0.0012562043562336631,0.6741686305705236
clip,64,0.8984003321055167,0.001250232153678329,0.6754188627242019
clip,65,0.882361341503446,0.0012279119685151536,0.6766467746927171
clip,66,0.8766806760694238,0.0012200066390911776,0.6778667813318082
clip,67,0.872199030850896,0.00121376989055787,0.6790805512223661
clip,68,0.8599825131302934,0.0011967691363122842,0.6802773203586784
clip,69,0.8479742993006871,0.0011800582619932226,0.6814573786206716
clip,70,0.8451211897339131,0.0011760878167575354,0.6826334664374291
clip,71,0.83732331388078,0.0011652361343019752,0.683798702571731
clip,72,0.832125864102602,0.0011580032576014765,0.6849567058293325
clip,73,0.821674903256693,0.0011434594881710193,0.6861001653175036
clip,74,0.8203656483162527,0.0011416375023976342,0.6872418028199012
clip,75,0.8074071863999894,0.0011236042435363435,0.6883654070634375
clip,76,0.8006664946882138,0.0011142237600092013,0.6894796308234468
clip,77,0.7944631001051958,0.0011055909900819388,0.6905852218135287
clip,78,0.7902864115887586,0.0010997786254906313,0.6916850004390193
clip,79,0.7895376017812038,0.0010987365665499356,0.6927837370055692
clip,80,0.7866953249553519,0.001094781196376589,0.6938785182019458
clip,81,0.7708639448253962,0.0010727499261641352,0.6949512681281099
clip,82,0.7671938495247335,0.0010676425469836328,0.6960189106750936
clip,83,0.7550753726532657,0.0010507782283754594,0.697069688903469
clip,84,0.7465954174456941,0.0010389773504334277,0.6981086662539024
clip,85,0.7400650092814482,0.0010298895017630592,0.6991385557556655
clip,86,0.7310301825779181,0.0010173164533747174,0.7001558722090403
clip,87,0.7264137396656596,0.0010108921176323214,0.7011667643266726
clip,88,0.717991701194111,0.0009991718377967511,0.7021659361644693
clip,89,0.7074671260569837,0.0009845256252231178,0.7031504617896924
clip,90,0.7071956401926089,0.0009841478199788623,0.7041346096096713
clip,91,0.6990972010310053,0.0009728778675171176,0.7051074874771884
clip,92,0.6964195952637242,0.0009691516569342657,0.7060766391341227
clip,93,0.6932230325813848,0.0009647032553655099,0.7070413423894881
clip,94,0.6896115099407385,0.0009596773870886235,0.7080010197765767
clip,95,0.6866941926000535,0.0009556175890103438,0.708956637365587
clip,96,0.6757877134637092,0.0009404399110728006,0.7098970772766598
clip,97,0.6726313212822504,0.000936047411589157,0.710833124688249
clip,98,0.669244175387522,0.0009313337905502329,0.7117644584787992
clip,99,0.6646588664844264,0.0009249527815274932,0.7126894112603267
clip,100,0.6607099874631315,0.0009194574412577071,0.7136088687015844
clip,101,0.6570136875919965,0.0009143135952645744,0.714523182296849
clip,102,0.6529375397527762,0.0009086411451222239,0.7154318234419712
clip,103,0.6455660377779938,0.0008983828132178075,0.7163302062551891
clip,104,0.6431123278446765,0.0008949681806260724,0.7172251744358151
clip,105,0.6427578435936657,0.000894474873140814,0.7181196493089559
clip,106,0.6338436411945773,0.0008820696879850855,0.719001718996941
clip,107,0.6282589339839697,0.0008742978959742599,0.7198760168929152
clip,108,0.6248004371841456,0.0008694849815662698,0.7207455018744815
clip,109,0.6206692774571707,0.0008637359757633218,0.7216092378502448
clip,110,0.6164828217559103,0.0008579100189591885,0.722467147869204
clip,111,0.6096932655619225,0.0008484615346258898,0.7233156094038299
clip,112,0.606502990326703,0.000844021882796279,0.7241596312866262
clip,113,0.6034588323887142,0.0008397855707659518,0.7249994168573921
clip,114,0.6017705066508318,0.0008374360623698045,0.725836852919762
clip,115,0.5981347892818859,0.0008323765242174867,0.7266692294439795
clip,116,0.5952238353902163,0.000828325581644134,0.7274975550256236
clip,117,0.5893509341737663,0.0008201527329999508,0.7283177077586236
clip,118,0.5850976142069563,0.0008142337265254926,0.729131941485149
clip,119,0.5843280603153286,0.0008131627996959728,0.729945104284845
clip,120,0.5812550505314489,0.0008088863368507618,0.7307539906216958
clip,121,0.5786716699741263,0.0008052912519843275,0.7315592818736801
clip,122,0.5753760915266719,0.0008007050580652753,0.7323599869317454
clip,123,0.5725024315181085,0.0007967060144172999,0.7331566929461627
clip,124,0.5701841652262375,0.000793479867948617,0.7339501728141113
clip,125,0.5658088208605497,0.0007873910498416846,0.7347375638639531
clip,126,0.5647386174653987,0.0007859017330551939,0.7355234655970082
clip,127,0.5585966170545498,0.00077735440050518,0.7363008199975134
clip,128,0.5545758101101097,0.0007717589638762878,0.7370725789613897
clip,129,0.5520997329579365,0.0007683132046083898,0.737840892165998
clip,130,0.5484047149030972,0.0007631711424168551,0.7386040633084149
clip,131,0.5461488664702863,0.000760031857908895,0.7393640951663237
clip,132,0.5442141280960487,0.0007573394366819814,0.7401214346030057
clip,133,0.5388519462090844,0.0007498773154322678,0.740871311918438
clip,134,0.5381155798837436,0.0007488525730942174,0.7416201644915322
clip,135,0.533494884718344,0.0007424223198299633,0.7423625868113622
clip,136,0.5310513708003782,0.0007390218762203291,0.7431016086875826
clip,137,0.5278800343967859,0.0007346085800535641,0.7438362172676362
clip,138,0.5269419937451176,0.0007333031836258663,0.744569520451262
clip,139,0.5241451686420339,0.0007294110649933018,0.7452989315162554
clip,140,0.5199241518707803,0.000723537012302038,0.7460224685285574
clip,141,0.518896395277,0.0007221067653466661,0.746744575293904
clip,142,0.5176161673959393,0.0007203251742188151,0.7474649004681229
clip,143,0.5142519815766193,0.0007156435048872765,0.7481805439730101
clip,144,0.5115002354855974,0.0007118141191237034,0.7488923580921338
clip,145,0.5076918868256522,0.0007065143437597267,0.7495988724358935
clip,146,0.5050773071445487,0.0007028758415588105,0.7503017482774523
clip,147,0.5036303621608247,0.0007008622435239393,0.7510026105209763
clip,148,0.5024580131665923,0.0006992307788466205,0.7517018412998229
clip,149,0.49876226934360796,0.0006940877066613906,0.7523959290064842
clip,150,0.49705791964404894,0.0006917158989946383,0.7530876449054789
clip,151,0.4952246866919651,0.0006891647347753349,0.7537768096402542
clip,152,0.4924710926214673,0.0006853327773259804,0.7544621424175801
clip,153,0.4910171716337882,0.0006833094713422837,0.7551454518889225
clip,154,0.4869568035956792,0.0006776589806917354,0.7558231108696142
clip,155,0.48475208493687266,0.0006745908494160106,0.7564977017190302
clip,156,0.48249035202259305,0.000671443375944092,0.7571691450949742
clip,157,0.4814720903512202,0.0006700263423156371,0.7578391714372898
clip,158,0.47879086882192745,0.0006662950999649134,0.7585054665372548
clip,159,0.47617116634335166,0.0006626494687749623,0.7591681160060297
clip,160,0.47250110912281496,0.0006575421425875368,0.7598256581486172
clip,161,0.4717320206767799,0.0006564718634815595,0.7604821300120989
clip,162,0.47005163778995535,0.0006541334085183082,0.7611362634206171
clip,163,0.46644823238194,0.0006491188363472573,0.7617853822569643
clip,164,0.4653140506604546,0.0006475404860220832,0.7624329227429865
clip,165,0.4632938518290086,0.00064472913628674,0.7630776518792732
clip,166,0.45870033143785083,0.0006383366999903918,0.7637159885792636
clip,167,0.4574893402841739,0.000636651460098952,0.7643526400393625
clip,168,0.45571846187673326,0.0006341870697307427,0.7649868271090933
clip,169,0.45480063551585,0.0006329098039207662,0.765619736913014
clip,170,0.450231981679503,0.0006265519724272712,0.7662462888854412
clip,171,0.44868677662780165,0.0006244016336855928,0.7668706905191268
clip,172,0.44812653077249215,0.0006236219841716268,0.7674943125032985
clip,173,0.446638990566333,0.0006215518930004995,0.768115864396299
clip,174,0.44490510728741123,0.0006191389858047143,0.7687350033821037
clip,175,0.44327747555450875,0.000616873940418931,0.7693518773225226
clip,176,0.4406224512413434,0.0006131791546463817,0.7699650564771691
clip,177,0.4396919965613211,0.0006118843150109398,0.77057694079218
clip,178,0.43661174413744724,0.0006075977731607744,0.7711845385653407
clip,179,0.4349142789126208,0.000605235546068922,0.7717897741114097
clip,180,0.43401682566494615,0.0006039866318971783,0.7723937607433069
clip,181,0.43182514416987156,0.0006009366434033604,0.7729946973867102
clip,182,0.43102991565360615,0.0005998299872446001,0.7735945273739548
clip,183,0.4284033202428779,0.0005961747637102318,0.774190702137665
clip,184,0.42615326161469236,0.0005930435364120115,0.774783745674077
clip,185,0.42408925987545215,0.0005901712296603004,0.7753739169037374
clip,186,0.42221536005323723,0.0005875634725983518,0.7759614803763357
clip,187,0.42139984397437436,0.0005864285838553272,0.7765479089601911
clip,188,0.42035191434839025,0.0005849702636985137,0.7771328792238896
clip,189,0.4182255415608158,0.0005820111601288371,0.7777148903840184
clip,190,0.41672720348854486,0.0005799260424278637,0.7782948164264463
clip,191,0.41490682663920997,0.0005773927690223249,0.7788722091954686
clip,192,0.4147607032476939,0.0005771894207421102,0.7794493986162108
clip,193,0.41204560856514405,0.0005734110398231613,0.7800228096560339
clip,194,0.40950691417566265,0.00056987814113572,0.7805926877971696
clip,195,0.40894470099440383,0.0005690957538509956,0.7811617835510206
clip,196,0.407814506562633,0.0005675229523191924,0.7817293065033398
clip,197,0.405521461634543,0.0005643319044127336,0.7822936384077526
clip,198,0.4040629769242056,0.0005623022474598709,0.7828559406552125
clip,199,0.4033165764780551,0.0005612635414354529,0.783417204196648
clip,200,0.4023885431330194,0.0005599720713789692,0.7839771762680269
clip,201,0.4006425181052224,0.0005575422674787826,0.7845347185355056
clip,202,0.39935654285853794,0.0005557526782001685,0.7850904712137058
clip,203,0.39743506846153476,0.0005530787153934396,0.7856435499290992
clip,204,0.3961814339712143,0.0005513341321684029,0.7861948840612677
clip,205,0.39455285652545075,0.0005490677707093893,0.7867439518319771
clip,206,0.3923052056934616,0.0005459398941492717,0.7872898917261264
clip,207,0.39049070892860693,0.0005434148035887529,0.7878333065297152
clip,208,0.38932894188525596,0.0005417980649692589,0.7883751045946844
clip,209,0.3875008341122065,0.0005392540330532207,0.7889143586277376
clip,210,0.38602419769272367,0.0005371991158131489,0.7894515577435508
clip,211,0.3842175895726077,0.0005346850032509108,0.7899862427468017
clip,212,0.3835405734119258,0.0005337428538077327,0.7905199856006094
clip,213,0.3817459561604226,0.0005312454279818575,0.7910512310285913
clip,214,0.3804876225804564,0.0005294943054082048,0.7915807253339995
clip,215,0.37899013422014755,0.0005274103701836604,0.7921081357041831
clip,216,0.37758482496548273,0.0005254547132752018,0.7926335904174584
clip,217,0.3762895547344314,0.0005236521889075099,0.7931572426063659
clip,218,0.3749658152739528,0.0005218100461817781,0.7936790526525477
clip,219,0.37248202731612295,0.0005183535564000789,0.7941974062089477
clip,220,0.37166499394856933,0.0005172165561672877,0.7947146227651151
clip,221,0.3711698914904367,0.0005165275615282587,0.7952311503266434
clip,222,0.3702186722392144,0.0005152038254936906,0.795746354152137
clip,223,0.36914515947379273,0.0005137099033202996,0.7962600640554574
clip,224,0.36771666402817477,0.0005117219800374698,0.7967717860354948
clip,225,0.3648899473142289,0.0005077882636319643,0.7972795742991268
clip,226,0.3639458108929702,0.0005064743842074654,0.7977860486833342
clip,227,0.3636171471923004,0.000506017009124621,0.7982920656924589
clip,228,0.36247417715487124,0.0005044264288004397,0.7987964921212594
clip,229,0.36192296773153726,0.0005036593545687912,0.7993001514758281
clip,230,0.36154064945112563,0.0005031273126827543,0.7998032787885109
clip,231,0.3587654828684764,0.0004992653344872318,0.8003025441229981
clip,232,0.35738021166977896,0.0004973375629445419,0.8007998816859426
clip,233,0.3568887957077132,0.0004966536985083329,0.801296535384451
clip,234,0.35497304759090953,0.0004939877045094623,0.8017905230889605
clip,235,0.3547170097958735,0.0004936313971123349,0.8022841544860728
clip,236,0.354206026439442,0.0004929203022926035,0.8027770747883655
clip,237,0.3536880348389981,0.000492199454658128,0.8032692742430236
clip,238,0.3525468557672493,0.0004906113666781722,0.8037598856097018
clip,239,0.3504407637424593,0.0004876804862300017,0.8042475660959318
clip,240,0.35008155264605156,0.0004871806007706603,0.8047347466967025
clip,241,0.3484555253274715,0.00048491778812044257,0.805219664484823
clip,242,0.3476622933366586,0.0004838139103670625,0.8057034783951901
clip,243,0.34662427579914246,0.00048236938407393077,0.806185847779264
clip,244,0.3456217474654577,0.00048097424527783445,0.8066668220245419
clip,245,0.34467815897227333,0.00047966112836117525,0.807146483152903
clip,246,0.3438235372749304,0.00047847181944502074,0.8076249549723481
clip,247,0.34291734080013225,0.0004772107380207882,0.8081021657103689
clip,248,0.341143586275258,0.0004747423451891282,0.808576908055558
clip,249,0.3408960875479674,0.0004743979209321514,0.8090513059764902
clip,250,0.3398097184704935,0.00047288610765372507,0.809524192084144
clip,251,0.3375826651275355,0.0004697868949777931,0.8099939789791217
clip,252,0.3369188514316545,0.00046886311835284746,0.8104628420974745
clip,253,0.33623591834395056,0.00046791273479381956,0.8109307548322684
clip,254,0.3345457294928075,0.0004655606336514087,0.8113963154659198
clip,255,0.33354774112845553,0.000464171812768868,0.8118604872786888
clip,256,0.3331780432018607,0.0004636573336235922,0.8123241446123124
