fold,train_count,heldout_count,roi,clip_layer,mean_oof_cosine_quality,mean_oof_cost,std_oof_cost_ddof1
0,4108,1027,V1,L4,0.8305108994245529,0.16948910057544708,0.06987659633159637
0,4108,1027,V1,L8,0.7471314668655396,0.25286853313446045,0.08081238716840744
0,4108,1027,V1,L12,0.7676402926445007,0.23235970735549927,0.06332169473171234
0,4108,1027,V1,L16,0.8161661028862,0.18383389711380005,0.05581901967525482
0,4108,1027,V1,L20,0.7884105443954468,0.21158945560455322,0.05721697583794594
0,4108,1027,V1,L24,0.8925487846136093,0.10745121538639069,0.02462013252079487
0,4108,1027,V2,L4,0.833534836769104,0.166465163230896,0.0668109804391861
0,4108,1027,V2,L8,0.7528848052024841,0.24711519479751587,0.07645883411169052
0,4108,1027,V2,L12,0.7721127569675446,0.22788724303245544,0.059682101011276245
0,4108,1027,V2,L16,0.8183576762676239,0.1816423237323761,0.053207769989967346
0,4108,1027,V2,L20,0.7902811020612717,0.20971889793872833,0.054624225944280624
0,4108,1027,V2,L24,0.8930520564317703,0.10694794356822968,0.02428942173719406
0,4108,1027,V3,L4,0.8382211178541183,0.16177888214588165,0.06506642699241638
0,4108,1027,V3,L8,0.7638187855482101,0.23618121445178986,0.07452704012393951
0,4108,1027,V3,L12,0.786329910159111,0.21367008984088898,0.056343283504247665
0,4108,1027,V3,L16,0.8278385698795319,0.17216143012046814,0.05018028989434242
0,4108,1027,V3,L20,0.7974067479372025,0.20259325206279755,0.052630454301834106
0,4108,1027,V3,L24,0.8965124115347862,0.10348758846521378,0.023409811779856682
0,4108,1027,hV4,L4,0.8383819907903671,0.16161800920963287,0.06469159573316574
0,4108,1027,hV4,L8,0.764043316245079,0.23595668375492096,0.07181701064109802
0,4108,1027,hV4,L12,0.7864955216646194,0.21350447833538055,0.054934050887823105
0,4108,1027,hV4,L16,0.8291085511445999,0.17089144885540009,0.04866351559758186
0,4108,1027,hV4,L20,0.7999296933412552,0.2000703066587448,0.051231175661087036
0,4108,1027,hV4,L24,0.8984187692403793,0.10158123075962067,0.022649545222520828
0,4108,1027,FFA,L4,0.8279972076416016,0.17200279235839844,0.07176045328378677
0,4108,1027,FFA,L8,0.755593866109848,0.24440613389015198,0.07652973383665085
0,4108,1027,FFA,L12,0.7882701754570007,0.21172982454299927,0.055554427206516266
0,4108,1027,FFA,L16,0.8347098380327225,0.16529016196727753,0.04780368134379387
0,4108,1027,FFA,L20,0.806728258728981,0.19327174127101898,0.04851064831018448
0,4108,1027,FFA,L24,0.901747927069664,0.098252072930336,0.02244791015982628
0,4108,1027,EBA,L4,0.8231517374515533,0.17684826254844666,0.07676885277032852
0,4108,1027,EBA,L8,0.7552540898323059,0.2447459101676941,0.08120015263557434
0,4108,1027,EBA,L12,0.7925371676683426,0.2074628323316574,0.05628375709056854
0,4108,1027,EBA,L16,0.8407701849937439,0.1592298150062561,0.0475907064974308
0,4108,1027,EBA,L20,0.8119298070669174,0.18807019293308258,0.04898981377482414
0,4108,1027,EBA,L24,0.9044600278139114,0.09553997218608856,0.02154991589486599
0,4108,1027,PPA,L4,0.8276483118534088,0.1723516881465912,0.0739695280790329
0,4108,1027,PPA,L8,0.7592074126005173,0.24079258739948273,0.07873626798391342
0,4108,1027,PPA,L12,0.7926122546195984,0.2073877453804016,0.054506342858076096
0,4108,1027,PPA,L16,0.8391542285680771,0.1608457714319229,0.045906439423561096
0,4108,1027,PPA,L20,0.8092374950647354,0.1907625049352646,0.04799780249595642
0,4108,1027,PPA,L24,0.9028577506542206,0.09714224934577942,0.02204900048673153
0,4108,1027,OPA,L4,0.8349595814943314,0.16504041850566864,0.07149593532085419
0,4108,1027,OPA,L8,0.7658943384885788,0.2341056615114212,0.07773149758577347
0,4108,1027,OPA,L12,0.7982437461614609,0.20175625383853912,0.05360792204737663
0,4108,1027,OPA,L16,0.8416484445333481,0.15835155546665192,0.04637995362281799
0,4108,1027,OPA,L20,0.8104269802570343,0.1895730197429657,0.04905691742897034
0,4108,1027,OPA,L24,0.9032801687717438,0.09671983122825623,0.0218356903642416
1,4108,1027,V1,L4,0.8313436061143875,0.1686563938856125,0.0703069195151329
1,4108,1027,V1,L8,0.750391885638237,0.249608114361763,0.07904362678527832
1,4108,1027,V1,L12,0.7688041478395462,0.2311958521604538,0.06171424686908722
1,4108,1027,V1,L16,0.8164150565862656,0.18358494341373444,0.05584477633237839
1,4108,1027,V1,L20,0.7874880135059357,0.21251198649406433,0.05743289738893509
1,4108,1027,V1,L24,0.8928419798612595,0.10715802013874054,0.024583827704191208
1,4108,1027,V2,L4,0.8364676535129547,0.1635323464870453,0.06482287496328354
1,4108,1027,V2,L8,0.7588621824979782,0.2411378175020218,0.07313597947359085
1,4108,1027,V2,L12,0.7749233841896057,0.2250766158103943,0.05980055034160614
1,4108,1027,V2,L16,0.8198454231023788,0.18015457689762115,0.05497760698199272
1,4108,1027,V2,L20,0.7903577387332916,0.20964226126670837,0.05754784494638443
1,4108,1027,V2,L24,0.8939949050545692,0.10600509494543076,0.025298545137047768
1,4108,1027,V3,L4,0.8357531130313873,0.16424688696861267,0.06586505472660065
1,4108,1027,V3,L8,0.7656310051679611,0.23436899483203888,0.07001779228448868
1,4108,1027,V3,L12,0.7874693125486374,0.2125306874513626,0.053218550980091095
1,4108,1027,V3,L16,0.8297799974679947,0.1702200025320053,0.04952333867549896
1,4108,1027,V3,L20,0.7979314625263214,0.2020685374736786,0.053320206701755524
1,4108,1027,V3,L24,0.8975219950079918,0.10247800499200821,0.023918312042951584
1,4108,1027,hV4,L4,0.8366927355527878,0.16330726444721222,0.06396327912807465
1,4108,1027,hV4,L8,0.7655040323734283,0.23449596762657166,0.06849635392427444
1,4108,1027,hV4,L12,0.7875290364027023,0.21247096359729767,0.050838224589824677
1,4108,1027,hV4,L16,0.8299963176250458,0.17000368237495422,0.04814504086971283
1,4108,1027,hV4,L20,0.7997386306524277,0.20026136934757233,0.050947196781635284
1,4108,1027,hV4,L24,0.8980182930827141,0.10198170691728592,0.023535078391432762
1,4108,1027,FFA,L4,0.8295385986566544,0.17046140134334564,0.06981927156448364
1,4108,1027,FFA,L8,0.7616259902715683,0.2383740097284317,0.07285615056753159
1,4108,1027,FFA,L12,0.7916057705879211,0.20839422941207886,0.05197930708527565
1,4108,1027,FFA,L16,0.8377500176429749,0.16224998235702515,0.046659551560878754
1,4108,1027,FFA,L20,0.8078098297119141,0.19219017028808594,0.04968228563666344
1,4108,1027,FFA,L24,0.9031277969479561,0.09687220305204391,0.022175276651978493
1,4108,1027,EBA,L4,0.8225696980953217,0.17743030190467834,0.07277502119541168
1,4108,1027,EBA,L8,0.7566730827093124,0.24332691729068756,0.07480991631746292
1,4108,1027,EBA,L12,0.7943113446235657,0.20568865537643433,0.05058032274246216
1,4108,1027,EBA,L16,0.8422043770551682,0.15779562294483185,0.045103754848241806
1,4108,1027,EBA,L20,0.8126394599676132,0.18736054003238678,0.04796130210161209
1,4108,1027,EBA,L24,0.9051902443170547,0.09480975568294525,0.021593127399683
1,4108,1027,PPA,L4,0.8320895284414291,0.16791047155857086,0.07026613503694534
1,4108,1027,PPA,L8,0.766203373670578,0.233796626329422,0.0739968791604042
1,4108,1027,PPA,L12,0.7973666340112686,0.20263336598873138,0.05200577154755592
1,4108,1027,PPA,L16,0.8418955951929092,0.15810440480709076,0.045652344822883606
1,4108,1027,PPA,L20,0.8107516020536423,0.18924839794635773,0.04958399385213852
1,4108,1027,PPA,L24,0.9039454460144043,0.0960545539855957,0.02285127155482769
1,4108,1027,OPA,L4,0.8310211449861526,0.16897885501384735,0.0683979019522667
1,4108,1027,OPA,L8,0.7658207714557648,0.23417922854423523,0.07224901765584946
1,4108,1027,OPA,L12,0.7977796792984009,0.20222032070159912,0.0506017729640007
1,4108,1027,OPA,L16,0.8410531282424927,0.15894687175750732,0.04439224302768707
1,4108,1027,OPA,L20,0.8097614645957947,0.19023853540420532,0.04833807051181793
1,4108,1027,OPA,L24,0.9033945947885513,0.09660540521144867,0.02210572361946106
2,4108,1027,V1,L4,0.8303786963224411,0.1696213036775589,0.07132142782211304
2,4108,1027,V1,L8,0.7456290125846863,0.2543709874153137,0.08248583972454071
2,4108,1027,V1,L12,0.7657831162214279,0.23421688377857208,0.06434228271245956
2,4108,1027,V1,L16,0.8150798827409744,0.18492011725902557,0.05650249123573303
2,4108,1027,V1,L20,0.7862124443054199,0.21378755569458008,0.05786263570189476
2,4108,1027,V1,L24,0.8915465325117111,0.10845346748828888,0.024910325184464455
2,4108,1027,V2,L4,0.836191788315773,0.163808211684227,0.06544165313243866
2,4108,1027,V2,L8,0.7535549849271774,0.24644501507282257,0.07634460180997849
2,4108,1027,V2,L12,0.770994558930397,0.22900544106960297,0.06291405111551285
2,4108,1027,V2,L16,0.818075492978096,0.181924507021904,0.056753046810626984
2,4108,1027,V2,L20,0.7886122912168503,0.21138770878314972,0.0571925975382328
2,4108,1027,V2,L24,0.8927557915449142,0.10724420845508575,0.024645734578371048
2,4108,1027,V3,L4,0.8365076631307602,0.1634923368692398,0.06609125435352325
2,4108,1027,V3,L8,0.7634483426809311,0.2365516573190689,0.07476135343313217
2,4108,1027,V3,L12,0.7858496904373169,0.2141503095626831,0.057113997638225555
2,4108,1027,V3,L16,0.8281195014715195,0.17188049852848053,0.05199936777353287
2,4108,1027,V3,L20,0.7960940599441528,0.20390594005584717,0.05352320522069931
2,4108,1027,V3,L24,0.8963232338428497,0.10367676615715027,0.024185022339224815
2,4108,1027,hV4,L4,0.8397916108369827,0.16020838916301727,0.06573834270238876
2,4108,1027,hV4,L8,0.7652235776185989,0.23477642238140106,0.07273364812135696
2,4108,1027,hV4,L12,0.7868683040142059,0.21313169598579407,0.055849138647317886
2,4108,1027,hV4,L16,0.8299285173416138,0.17007148265838623,0.050898704677820206
2,4108,1027,hV4,L20,0.7986167818307877,0.20138321816921234,0.052031151950359344
2,4108,1027,hV4,L24,0.897395521402359,0.10260447859764099,0.02373119443655014
2,4108,1027,FFA,L4,0.8285468071699142,0.17145319283008575,0.06954346597194672
2,4108,1027,FFA,L8,0.7552988529205322,0.24470114707946777,0.07624436914920807
2,4108,1027,FFA,L12,0.7871840745210648,0.21281592547893524,0.05566464737057686
2,4108,1027,FFA,L16,0.8352710008621216,0.16472899913787842,0.04861022159457207
2,4108,1027,FFA,L20,0.8057980984449387,0.19420190155506134,0.0495290607213974
2,4108,1027,FFA,L24,0.90103679895401,0.09896320104598999,0.02261725440621376
2,4108,1027,EBA,L4,0.8220498114824295,0.1779501885175705,0.07612963020801544
2,4108,1027,EBA,L8,0.7540293484926224,0.24597065150737762,0.08278148621320724
2,4108,1027,EBA,L12,0.7923150956630707,0.20768490433692932,0.055475592613220215
2,4108,1027,EBA,L16,0.8411315530538559,0.1588684469461441,0.04660030081868172
2,4108,1027,EBA,L20,0.8102688938379288,0.18973110616207123,0.0480303019285202
2,4108,1027,EBA,L24,0.9033162295818329,0.09668377041816711,0.022310351952910423
2,4108,1027,PPA,L4,0.8312569856643677,0.16874301433563232,0.06961801648139954
2,4108,1027,PPA,L8,0.7606858760118484,0.23931412398815155,0.07580215483903885
2,4108,1027,PPA,L12,0.793428361415863,0.20657163858413696,0.05387578159570694
2,4108,1027,PPA,L16,0.8403213620185852,0.1596786379814148,0.046187885105609894
2,4108,1027,PPA,L20,0.8095523715019226,0.1904476284980774,0.04816379398107529
2,4108,1027,PPA,L24,0.9032565504312515,0.09674344956874847,0.021612515673041344
2,4108,1027,OPA,L4,0.8357002586126328,0.16429974138736725,0.0688135102391243
2,4108,1027,OPA,L8,0.7673337161540985,0.2326662838459015,0.07601573318243027
2,4108,1027,OPA,L12,0.7990965396165848,0.20090346038341522,0.05327537655830383
2,4108,1027,OPA,L16,0.841755211353302,0.158244788646698,0.04622294381260872
2,4108,1027,OPA,L20,0.8095970302820206,0.19040296971797943,0.04929136484861374
2,4108,1027,OPA,L24,0.9027782455086708,0.0972217544913292,0.02215881086885929
3,4108,1027,V1,L4,0.8302962332963943,0.16970376670360565,0.07004430145025253
3,4108,1027,V1,L8,0.7471611499786377,0.2528388500213623,0.08011158555746078
3,4108,1027,V1,L12,0.7664467990398407,0.2335532009601593,0.06319190561771393
3,4108,1027,V1,L16,0.8145191222429276,0.18548087775707245,0.05635673552751541
3,4108,1027,V1,L20,0.7867008000612259,0.2132991999387741,0.05828690901398659
3,4108,1027,V1,L24,0.8927885144948959,0.10721148550510406,0.02466525323688984
3,4108,1027,V2,L4,0.8360228687524796,0.16397713124752045,0.0640946701169014
3,4108,1027,V2,L8,0.7559651285409927,0.24403487145900726,0.07190989702939987
3,4108,1027,V2,L12,0.7726325243711472,0.22736747562885284,0.05889108404517174
3,4108,1027,V2,L16,0.8179949820041656,0.18200501799583435,0.055371444672346115
3,4108,1027,V2,L20,0.7889898419380188,0.2110101580619812,0.05844398960471153
3,4108,1027,V2,L24,0.8939446210861206,0.1060553789138794,0.0244998037815094
3,4108,1027,V3,L4,0.8390496522188187,0.16095034778118134,0.06416807323694229
3,4108,1027,V3,L8,0.767333909869194,0.23266609013080597,0.07177717238664627
3,4108,1027,V3,L12,0.7887688279151917,0.21123117208480835,0.05575001239776611
3,4108,1027,V3,L16,0.8294224590063095,0.1705775409936905,0.05308967083692551
3,4108,1027,V3,L20,0.7974649369716644,0.20253506302833557,0.0567641407251358
3,4108,1027,V3,L24,0.8980286791920662,0.10197132080793381,0.023847999051213264
3,4108,1027,hV4,L4,0.8403825163841248,0.15961748361587524,0.062208663672208786
3,4108,1027,hV4,L8,0.7675033956766129,0.23249660432338715,0.06799629330635071
3,4108,1027,hV4,L12,0.7881145179271698,0.2118854820728302,0.0528656430542469
3,4108,1027,hV4,L16,0.8290583789348602,0.17094162106513977,0.05129769444465637
3,4108,1027,hV4,L20,0.797796756029129,0.20220324397087097,0.05472655966877937
3,4108,1027,hV4,L24,0.8984059542417526,0.10159404575824738,0.0230840016156435
3,4108,1027,FFA,L4,0.8296899199485779,0.17031008005142212,0.07155292481184006
3,4108,1027,FFA,L8,0.7574074268341064,0.24259257316589355,0.07717124372720718
3,4108,1027,FFA,L12,0.7883300930261612,0.2116699069738388,0.05609510466456413
3,4108,1027,FFA,L16,0.8349324762821198,0.16506752371788025,0.05038614943623543
3,4108,1027,FFA,L20,0.804956465959549,0.19504353404045105,0.05184642970561981
3,4108,1027,FFA,L24,0.9018018767237663,0.09819812327623367,0.023064173758029938
3,4108,1027,EBA,L4,0.8219195604324341,0.17808043956756592,0.07596772909164429
3,4108,1027,EBA,L8,0.7545513361692429,0.24544866383075714,0.08005203306674957
3,4108,1027,EBA,L12,0.7926439493894577,0.2073560506105423,0.055953796952962875
3,4108,1027,EBA,L16,0.8402946293354034,0.15970537066459656,0.04901176318526268
3,4108,1027,EBA,L20,0.8099963366985321,0.1900036633014679,0.05109114572405815
3,4108,1027,EBA,L24,0.9043407142162323,0.0956592857837677,0.02201041765511036
3,4108,1027,PPA,L4,0.8301089107990265,0.1698910892009735,0.07390130311250687
3,4108,1027,PPA,L8,0.7628963887691498,0.23710361123085022,0.0789492055773735
3,4108,1027,PPA,L12,0.795926421880722,0.20407357811927795,0.055005259811878204
3,4108,1027,PPA,L16,0.8397701382637024,0.1602298617362976,0.048557572066783905
3,4108,1027,PPA,L20,0.8079023361206055,0.19209766387939453,0.05123715475201607
3,4108,1027,PPA,L24,0.9034886956214905,0.09651130437850952,0.022950725629925728
3,4108,1027,OPA,L4,0.8323821723461151,0.1676178276538849,0.07138033211231232
3,4108,1027,OPA,L8,0.7679519802331924,0.23204801976680756,0.07343468815088272
3,4108,1027,OPA,L12,0.7995991855859756,0.20040081441402435,0.05158118158578873
3,4108,1027,OPA,L16,0.8409565836191177,0.15904341638088226,0.048310741782188416
3,4108,1027,OPA,L20,0.8088497817516327,0.1911502182483673,0.051664408296346664
3,4108,1027,OPA,L24,0.9034784287214279,0.09652157127857208,0.022466499358415604
4,4108,1027,V1,L4,0.8280107378959656,0.17198926210403442,0.06926392763853073
4,4108,1027,V1,L8,0.7442200183868408,0.2557799816131592,0.07987944036722183
4,4108,1027,V1,L12,0.7632957994937897,0.23670420050621033,0.06519033014774323
4,4108,1027,V1,L16,0.8118875622749329,0.18811243772506714,0.056229740381240845
4,4108,1027,V1,L20,0.7848610281944275,0.2151389718055725,0.05459386110305786
4,4108,1027,V1,L24,0.8928027376532555,0.10719726234674454,0.023293834179639816
4,4108,1027,V2,L4,0.831403985619545,0.16859601438045502,0.06695268303155899
4,4108,1027,V2,L8,0.750917375087738,0.24908262491226196,0.07700900733470917
4,4108,1027,V2,L12,0.7685466408729553,0.23145335912704468,0.06308542937040329
4,4108,1027,V2,L16,0.8147485554218292,0.18525144457817078,0.05483540520071983
4,4108,1027,V2,L20,0.7872605919837952,0.21273940801620483,0.05336860567331314
4,4108,1027,V2,L24,0.8939007222652435,0.10609927773475647,0.023525336757302284
4,4108,1027,V3,L4,0.8393164724111557,0.1606835275888443,0.06290791183710098
4,4108,1027,V3,L8,0.7654463052749634,0.23455369472503662,0.07150822132825851
4,4108,1027,V3,L12,0.7853571474552155,0.21464285254478455,0.05372092127799988
4,4108,1027,V3,L16,0.8262837529182434,0.1737162470817566,0.04833404719829559
4,4108,1027,V3,L20,0.7964236289262772,0.20357637107372284,0.05032877251505852
4,4108,1027,V3,L24,0.8981693983078003,0.10183060169219971,0.02274385094642639
4,4108,1027,hV4,L4,0.8373761028051376,0.16262389719486237,0.06364934891462326
4,4108,1027,hV4,L8,0.7632786482572556,0.23672135174274445,0.06989756971597672
4,4108,1027,hV4,L12,0.785037487745285,0.21496251225471497,0.054766684770584106
4,4108,1027,hV4,L16,0.8269818723201752,0.17301812767982483,0.049526795744895935
4,4108,1027,hV4,L20,0.7972782701253891,0.2027217298746109,0.0484832301735878
4,4108,1027,hV4,L24,0.8985371589660645,0.10146284103393555,0.022694561630487442
4,4108,1027,FFA,L4,0.830148309469223,0.16985169053077698,0.07007428258657455
4,4108,1027,FFA,L8,0.7591058164834976,0.24089418351650238,0.07654498517513275
4,4108,1027,FFA,L12,0.7887884825468063,0.21121151745319366,0.057254623621702194
4,4108,1027,FFA,L16,0.8337414562702179,0.1662585437297821,0.0482010617852211
4,4108,1027,FFA,L20,0.8051018863916397,0.1948981136083603,0.046754878014326096
4,4108,1027,FFA,L24,0.902284249663353,0.09771575033664703,0.021589821204543114
4,4108,1027,EBA,L4,0.8247142136096954,0.17528578639030457,0.07615432143211365
4,4108,1027,EBA,L8,0.7576630264520645,0.24233697354793549,0.08158207684755325
4,4108,1027,EBA,L12,0.7935333400964737,0.2064666599035263,0.057940028607845306
4,4108,1027,EBA,L16,0.8391377925872803,0.16086220741271973,0.04803963378071785
4,4108,1027,EBA,L20,0.8100028485059738,0.18999715149402618,0.04671259969472885
4,4108,1027,EBA,L24,0.9049350246787071,0.09506497532129288,0.021252602338790894
4,4108,1027,PPA,L4,0.833778589963913,0.16622141003608704,0.07036908715963364
4,4108,1027,PPA,L8,0.7651444971561432,0.2348555028438568,0.07680805772542953
4,4108,1027,PPA,L12,0.7957776188850403,0.20422238111495972,0.05527522787451744
4,4108,1027,PPA,L16,0.8388347327709198,0.1611652672290802,0.04662180691957474
4,4108,1027,PPA,L20,0.8080006390810013,0.19199936091899872,0.04665597155690193
4,4108,1027,PPA,L24,0.9037406146526337,0.09625938534736633,0.021898237988352776
4,4108,1027,OPA,L4,0.8336264789104462,0.16637352108955383,0.06887675821781158
4,4108,1027,OPA,L8,0.7676678448915482,0.23233215510845184,0.07458952814340591
4,4108,1027,OPA,L12,0.798463836312294,0.201536163687706,0.05365989729762077
4,4108,1027,OPA,L16,0.8394642025232315,0.1605357974767685,0.04637087881565094
4,4108,1027,OPA,L20,0.8083984553813934,0.19160154461860657,0.0467054583132267
4,4108,1027,OPA,L24,0.9037050232291222,0.09629497677087784,0.021540340036153793
