initialization_kind,initialization_seed,iteration,total_objective,feature_raw,feature_normalized,gw_raw,gw_normalized,coverage_loss,entropy_loss,shannon_plan_entropy,gradient_norm,step_norm,source_marginal_feasibility_error,objective_improvement,learning_rate
uniform,0,0,0.7506294758978951,0.13654278945256076,0.7506294758978951,0.237715451181745,1.1760909963338186,0.5526494886538512,-3.308018846416248,3.308018846416248,7.1363796517946305,0.14989097566341358,5.551115123125783e-17,0.24937052409660798,0.1
uniform,0,1,0.6498079565330326,0.11820291347785777,0.6498079565330326,0.31717493217724974,1.5692147066673259,1.0231945949610701,-2.8244353882580526,2.8244353882580526,7.1363796517946305,0.09279995558604673,2.7755575615628914e-17,0.1008215193648625,0.1
uniform,0,2,0.5840051213087656,0.10623308953154793,0.5840051213087656,0.4175927454393027,2.0660292194048155,1.4264128870307549,-2.381352737718794,2.381352737718794,7.1363796517946305,0.07810507166001814,1.3877787807814457e-17,0.065802835224267,0.1
uniform,0,3,0.5533574210947124,0.10065813862447498,0.5533574210947124,0.4828925322722835,2.3890982120807283,1.791759469229055,-2.079441541671836,2.079441541671836,7.1363796517946305,0.04596814129847475,0.0,0.030647700214053164,0.1
uniform,0,4,0.5533574210947124,0.10065813862447498,0.5533574210947124,0.4828925322722835,2.3890982120807283,1.791759469229055,-2.079441541671836,2.079441541671836,7.1363796517946305,0.0,0.0,0.0,0.1
uniform,0,5,0.5533574210947124,0.10065813862447498,0.5533574210947124,0.4828925322722835,2.3890982120807283,1.791759469229055,-2.079441541671836,2.079441541671836,7.1363796517946305,0.0,0.0,0.0,0.1
uniform,0,6,0.5533574210947124,0.10065813862447498,0.5533574210947124,0.4828925322722835,2.3890982120807283,1.791759469229055,-2.079441541671836,2.079441541671836,7.1363796517946305,0.0,0.0,0.0,0.1
uniform,0,7,0.5533574210947124,0.10065813862447498,0.5533574210947124,0.4828925322722835,2.3890982120807283,1.791759469229055,-2.079441541671836,2.079441541671836,7.1363796517946305,0.0,0.0,0.0,0.1
uniform,0,8,0.5533574210947124,0.10065813862447498,0.5533574210947124,0.4828925322722835,2.3890982120807283,1.791759469229055,-2.079441541671836,2.079441541671836,7.1363796517946305,0.0,0.0,0.0,0.1
uniform,0,9,0.5533574210947124,0.10065813862447498,0.5533574210947124,0.4828925322722835,2.3890982120807283,1.791759469229055,-2.079441541671836,2.079441541671836,7.1363796517946305,0.0,0.0,0.0,0.1
uniform,0,10,0.5533574210947124,0.10065813862447498,0.5533574210947124,0.4828925322722835,2.3890982120807283,1.791759469229055,-2.079441541671836,2.079441541671836,7.1363796517946305,0.0,0.0,0.0,0.1
uniform,0,11,0.5533574210947124,0.10065813862447498,0.5533574210947124,0.4828925322722835,2.3890982120807283,1.791759469229055,-2.079441541671836,2.079441541671836,7.1363796517946305,0.0,0.0,0.0,0.1
uniform,0,12,0.5533574210947124,0.10065813862447498,0.5533574210947124,0.4828925322722835,2.3890982120807283,1.791759469229055,-2.079441541671836,2.079441541671836,7.1363796517946305,0.0,0.0,0.0,0.1
uniform,0,13,0.5533574210947124,0.10065813862447498,0.5533574210947124,0.4828925322722835,2.3890982120807283,1.791759469229055,-2.079441541671836,2.079441541671836,7.1363796517946305,0.0,0.0,0.0,0.1
uniform,0,14,0.5533574210947124,0.10065813862447498,0.5533574210947124,0.4828925322722835,2.3890982120807283,1.791759469229055,-2.079441541671836,2.079441541671836,7.1363796517946305,0.0,0.0,0.0,0.1
uniform,0,15,0.5533574210947124,0.10065813862447498,0.5533574210947124,0.4828925322722835,2.3890982120807283,1.791759469229055,-2.079441541671836,2.079441541671836,7.1363796517946305,0.0,0.0,0.0,0.1
uniform,0,16,0.5533574210947124,0.10065813862447498,0.5533574210947124,0.4828925322722835,2.3890982120807283,1.791759469229055,-2.079441541671836,2.079441541671836,7.1363796517946305,0.0,0.0,0.0,0.1
uniform,0,17,0.5533574210947124,0.10065813862447498,0.5533574210947124,0.4828925322722835,2.3890982120807283,1.791759469229055,-2.079441541671836,2.079441541671836,7.1363796517946305,0.0,0.0,0.0,0.1
uniform,0,18,0.5533574210947124,0.10065813862447498,0.5533574210947124,0.4828925322722835,2.3890982120807283,1.791759469229055,-2.079441541671836,2.079441541671836,7.1363796517946305,0.0,0.0,0.0,0.1
uniform,0,19,0.5533574210947124,0.10065813862447498,0.5533574210947124,0.4828925322722835,2.3890982120807283,1.791759469229055,-2.079441541671836,2.079441541671836,7.1363796517946305,0.0,0.0,0.0,0.1
uniform,0,20,0.5533574210947124,0.10065813862447498,0.5533574210947124,0.4828925322722835,2.3890982120807283,1.791759469229055,-2.079441541671836,2.079441541671836,7.1363796517946305,0.0,0.0,0.0,0.1
uniform,0,21,0.5533574210947124,0.10065813862447498,0.5533574210947124,0.4828925322722835,2.3890982120807283,1.791759469229055,-2.079441541671836,2.079441541671836,7.1363796517946305,0.0,0.0,0.0,0.1
uniform,0,22,0.5533574210947124,0.10065813862447498,0.5533574210947124,0.4828925322722835,2.3890982120807283,1.791759469229055,-2.079441541671836,2.079441541671836,7.1363796517946305,0.0,0.0,0.0,0.1
uniform,0,23,0.5533574210947124,0.10065813862447498,0.5533574210947124,0.4828925322722835,2.3890982120807283,1.791759469229055,-2.079441541671836,2.079441541671836,7.1363796517946305,0.0,0.0,0.0,0.1
uniform,0,24,0.5533574210947124,0.10065813862447498,0.5533574210947124,0.4828925322722835,2.3890982120807283,1.791759469229055,-2.079441541671836,2.079441541671836,7.1363796517946305,0.0,0.0,0.0,0.1
uniform,0,25,0.5533574210947124,0.10065813862447498,0.5533574210947124,0.4828925322722835,2.3890982120807283,1.791759469229055,-2.079441541671836,2.079441541671836,7.1363796517946305,0.0,0.0,0.0,0.1
uniform,0,26,0.5533574210947124,0.10065813862447498,0.5533574210947124,0.4828925322722835,2.3890982120807283,1.791759469229055,-2.079441541671836,2.079441541671836,7.1363796517946305,0.0,0.0,0.0,0.1
uniform,0,27,0.5533574210947124,0.10065813862447498,0.5533574210947124,0.4828925322722835,2.3890982120807283,1.791759469229055,-2.079441541671836,2.079441541671836,7.1363796517946305,0.0,0.0,0.0,0.1
uniform,0,28,0.5533574210947124,0.10065813862447498,0.5533574210947124,0.4828925322722835,2.3890982120807283,1.791759469229055,-2.079441541671836,2.079441541671836,7.1363796517946305,0.0,0.0,0.0,0.1
uniform,0,29,0.5533574210947124,0.10065813862447498,0.5533574210947124,0.4828925322722835,2.3890982120807283,1.791759469229055,-2.079441541671836,2.079441541671836,7.1363796517946305,0.0,0.0,0.0,0.1
uniform,0,30,0.5533574210947124,0.10065813862447498,0.5533574210947124,0.4828925322722835,2.3890982120807283,1.791759469229055,-2.079441541671836,2.079441541671836,7.1363796517946305,0.0,0.0,0.0,0.1
uniform,0,31,0.5533574210947124,0.10065813862447498,0.5533574210947124,0.4828925322722835,2.3890982120807283,1.791759469229055,-2.079441541671836,2.079441541671836,7.1363796517946305,0.0,0.0,0.0,0.1
uniform,0,32,0.5533574210947124,0.10065813862447498,0.5533574210947124,0.4828925322722835,2.3890982120807283,1.791759469229055,-2.079441541671836,2.079441541671836,7.1363796517946305,0.0,0.0,0.0,0.1
uniform,0,33,0.5533574210947124,0.10065813862447498,0.5533574210947124,0.4828925322722835,2.3890982120807283,1.791759469229055,-2.079441541671836,2.079441541671836,7.1363796517946305,0.0,0.0,0.0,0.1
uniform,0,34,0.5533574210947124,0.10065813862447498,0.5533574210947124,0.4828925322722835,2.3890982120807283,1.791759469229055,-2.079441541671836,2.079441541671836,7.1363796517946305,0.0,0.0,0.0,0.1
uniform,0,35,0.5533574210947124,0.10065813862447498,0.5533574210947124,0.4828925322722835,2.3890982120807283,1.791759469229055,-2.079441541671836,2.079441541671836,7.1363796517946305,0.0,0.0,0.0,0.1
uniform,0,36,0.5533574210947124,0.10065813862447498,0.5533574210947124,0.4828925322722835,2.3890982120807283,1.791759469229055,-2.079441541671836,2.079441541671836,7.1363796517946305,0.0,0.0,0.0,0.1
uniform,0,37,0.5533574210947124,0.10065813862447498,0.5533574210947124,0.4828925322722835,2.3890982120807283,1.791759469229055,-2.079441541671836,2.079441541671836,7.1363796517946305,0.0,0.0,0.0,0.1
uniform,0,38,0.5533574210947124,0.10065813862447498,0.5533574210947124,0.4828925322722835,2.3890982120807283,1.791759469229055,-2.079441541671836,2.079441541671836,7.1363796517946305,0.0,0.0,0.0,0.1
uniform,0,39,0.5533574210947124,0.10065813862447498,0.5533574210947124,0.4828925322722835,2.3890982120807283,1.791759469229055,-2.079441541671836,2.079441541671836,7.1363796517946305,0.0,0.0,0.0,0.1
uniform,0,40,0.5533574210947124,0.10065813862447498,0.5533574210947124,0.4828925322722835,2.3890982120807283,1.791759469229055,-2.079441541671836,2.079441541671836,7.1363796517946305,0.0,0.0,0.0,0.1
uniform,0,41,0.5533574210947124,0.10065813862447498,0.5533574210947124,0.4828925322722835,2.3890982120807283,1.791759469229055,-2.079441541671836,2.079441541671836,7.1363796517946305,0.0,0.0,0.0,0.1
uniform,0,42,0.5533574210947124,0.10065813862447498,0.5533574210947124,0.4828925322722835,2.3890982120807283,1.791759469229055,-2.079441541671836,2.079441541671836,7.1363796517946305,0.0,0.0,0.0,0.1
uniform,0,43,0.5533574210947124,0.10065813862447498,0.5533574210947124,0.4828925322722835,2.3890982120807283,1.791759469229055,-2.079441541671836,2.079441541671836,7.1363796517946305,0.0,0.0,0.0,0.1
uniform,0,44,0.5533574210947124,0.10065813862447498,0.5533574210947124,0.4828925322722835,2.3890982120807283,1.791759469229055,-2.079441541671836,2.079441541671836,7.1363796517946305,0.0,0.0,0.0,0.1
uniform,0,45,0.5533574210947124,0.10065813862447498,0.5533574210947124,0.4828925322722835,2.3890982120807283,1.791759469229055,-2.079441541671836,2.079441541671836,7.1363796517946305,0.0,0.0,0.0,0.1
uniform,0,46,0.5533574210947124,0.10065813862447498,0.5533574210947124,0.4828925322722835,2.3890982120807283,1.791759469229055,-2.079441541671836,2.079441541671836,7.1363796517946305,0.0,0.0,0.0,0.1
uniform,0,47,0.5533574210947124,0.10065813862447498,0.5533574210947124,0.4828925322722835,2.3890982120807283,1.791759469229055,-2.079441541671836,2.079441541671836,7.1363796517946305,0.0,0.0,0.0,0.1
uniform,0,48,0.5533574210947124,0.10065813862447498,0.5533574210947124,0.4828925322722835,2.3890982120807283,1.791759469229055,-2.079441541671836,2.079441541671836,7.1363796517946305,0.0,0.0,0.0,0.1
uniform,0,49,0.5533574210947124,0.10065813862447498,0.5533574210947124,0.4828925322722835,2.3890982120807283,1.791759469229055,-2.079441541671836,2.079441541671836,7.1363796517946305,0.0,0.0,0.0,0.1
uniform,0,50,0.5533574210947124,0.10065813862447498,0.5533574210947124,0.4828925322722835,2.3890982120807283,1.791759469229055,-2.079441541671836,2.079441541671836,7.1363796517946305,0.0,0.0,0.0,0.1
uniform,0,51,0.5533574210947124,0.10065813862447498,0.5533574210947124,0.4828925322722835,2.3890982120807283,1.791759469229055,-2.079441541671836,2.079441541671836,7.1363796517946305,0.0,0.0,0.0,0.1
uniform,0,52,0.5533574210947124,0.10065813862447498,0.5533574210947124,0.4828925322722835,2.3890982120807283,1.791759469229055,-2.079441541671836,2.079441541671836,7.1363796517946305,0.0,0.0,0.0,0.1
uniform,0,53,0.5533574210947124,0.10065813862447498,0.5533574210947124,0.4828925322722835,2.3890982120807283,1.791759469229055,-2.079441541671836,2.079441541671836,7.1363796517946305,0.0,0.0,0.0,0.1
uniform,0,54,0.5533574210947124,0.10065813862447498,0.5533574210947124,0.4828925322722835,2.3890982120807283,1.791759469229055,-2.079441541671836,2.079441541671836,7.1363796517946305,0.0,0.0,0.0,0.1
uniform,0,55,0.5533574210947124,0.10065813862447498,0.5533574210947124,0.4828925322722835,2.3890982120807283,1.791759469229055,-2.079441541671836,2.079441541671836,7.1363796517946305,0.0,0.0,0.0,0.1
uniform,0,56,0.5533574210947124,0.10065813862447498,0.5533574210947124,0.4828925322722835,2.3890982120807283,1.791759469229055,-2.079441541671836,2.079441541671836,7.1363796517946305,0.0,0.0,0.0,0.1
uniform,0,57,0.5533574210947124,0.10065813862447498,0.5533574210947124,0.4828925322722835,2.3890982120807283,1.791759469229055,-2.079441541671836,2.079441541671836,7.1363796517946305,0.0,0.0,0.0,0.1
uniform,0,58,0.5533574210947124,0.10065813862447498,0.5533574210947124,0.4828925322722835,2.3890982120807283,1.791759469229055,-2.079441541671836,2.079441541671836,7.1363796517946305,0.0,0.0,0.0,0.1
uniform,0,59,0.5533574210947124,0.10065813862447498,0.5533574210947124,0.4828925322722835,2.3890982120807283,1.791759469229055,-2.079441541671836,2.079441541671836,7.1363796517946305,0.0,0.0,0.0,0.1
uniform,0,60,0.5533574210947124,0.10065813862447498,0.5533574210947124,0.4828925322722835,2.3890982120807283,1.791759469229055,-2.079441541671836,2.079441541671836,7.1363796517946305,0.0,0.0,0.0,0.1
uniform,0,61,0.5533574210947124,0.10065813862447498,0.5533574210947124,0.4828925322722835,2.3890982120807283,1.791759469229055,-2.079441541671836,2.079441541671836,7.1363796517946305,0.0,0.0,0.0,0.1
uniform,0,62,0.5533574210947124,0.10065813862447498,0.5533574210947124,0.4828925322722835,2.3890982120807283,1.791759469229055,-2.079441541671836,2.079441541671836,7.1363796517946305,0.0,0.0,0.0,0.1
uniform,0,63,0.5533574210947124,0.10065813862447498,0.5533574210947124,0.4828925322722835,2.3890982120807283,1.791759469229055,-2.079441541671836,2.079441541671836,7.1363796517946305,0.0,0.0,0.0,0.1
uniform,0,64,0.5533574210947124,0.10065813862447498,0.5533574210947124,0.4828925322722835,2.3890982120807283,1.791759469229055,-2.079441541671836,2.079441541671836,7.1363796517946305,0.0,0.0,0.0,0.1
uniform,0,65,0.5533574210947124,0.10065813862447498,0.5533574210947124,0.4828925322722835,2.3890982120807283,1.791759469229055,-2.079441541671836,2.079441541671836,7.1363796517946305,0.0,0.0,0.0,0.1
uniform,0,66,0.5533574210947124,0.10065813862447498,0.5533574210947124,0.4828925322722835,2.3890982120807283,1.791759469229055,-2.079441541671836,2.079441541671836,7.1363796517946305,0.0,0.0,0.0,0.1
uniform,0,67,0.5533574210947124,0.10065813862447498,0.5533574210947124,0.4828925322722835,2.3890982120807283,1.791759469229055,-2.079441541671836,2.079441541671836,7.1363796517946305,0.0,0.0,0.0,0.1
uniform,0,68,0.5533574210947124,0.10065813862447498,0.5533574210947124,0.4828925322722835,2.3890982120807283,1.791759469229055,-2.079441541671836,2.079441541671836,7.1363796517946305,0.0,0.0,0.0,0.1
uniform,0,69,0.5533574210947124,0.10065813862447498,0.5533574210947124,0.4828925322722835,2.3890982120807283,1.791759469229055,-2.079441541671836,2.079441541671836,7.1363796517946305,0.0,0.0,0.0,0.1
uniform,0,70,0.5533574210947124,0.10065813862447498,0.5533574210947124,0.4828925322722835,2.3890982120807283,1.791759469229055,-2.079441541671836,2.079441541671836,7.1363796517946305,0.0,0.0,0.0,0.1
uniform,0,71,0.5533574210947124,0.10065813862447498,0.5533574210947124,0.4828925322722835,2.3890982120807283,1.791759469229055,-2.079441541671836,2.079441541671836,7.1363796517946305,0.0,0.0,0.0,0.1
uniform,0,72,0.5533574210947124,0.10065813862447498,0.5533574210947124,0.4828925322722835,2.3890982120807283,1.791759469229055,-2.079441541671836,2.079441541671836,7.1363796517946305,0.0,0.0,0.0,0.1
uniform,0,73,0.5533574210947124,0.10065813862447498,0.5533574210947124,0.4828925322722835,2.3890982120807283,1.791759469229055,-2.079441541671836,2.079441541671836,7.1363796517946305,0.0,0.0,0.0,0.1
uniform,0,74,0.5533574210947124,0.10065813862447498,0.5533574210947124,0.4828925322722835,2.3890982120807283,1.791759469229055,-2.079441541671836,2.079441541671836,7.1363796517946305,0.0,0.0,0.0,0.1
uniform,0,75,0.5533574210947124,0.10065813862447498,0.5533574210947124,0.4828925322722835,2.3890982120807283,1.791759469229055,-2.079441541671836,2.079441541671836,7.1363796517946305,0.0,0.0,0.0,0.1
uniform,0,76,0.5533574210947124,0.10065813862447498,0.5533574210947124,0.4828925322722835,2.3890982120807283,1.791759469229055,-2.079441541671836,2.079441541671836,7.1363796517946305,0.0,0.0,0.0,0.1
uniform,0,77,0.5533574210947124,0.10065813862447498,0.5533574210947124,0.4828925322722835,2.3890982120807283,1.791759469229055,-2.079441541671836,2.079441541671836,7.1363796517946305,0.0,0.0,0.0,0.1
uniform,0,78,0.5533574210947124,0.10065813862447498,0.5533574210947124,0.4828925322722835,2.3890982120807283,1.791759469229055,-2.079441541671836,2.079441541671836,7.1363796517946305,0.0,0.0,0.0,0.1
uniform,0,79,0.5533574210947124,0.10065813862447498,0.5533574210947124,0.4828925322722835,2.3890982120807283,1.791759469229055,-2.079441541671836,2.079441541671836,7.1363796517946305,0.0,0.0,0.0,0.1
uniform,0,80,0.5533574210947124,0.10065813862447498,0.5533574210947124,0.4828925322722835,2.3890982120807283,1.791759469229055,-2.079441541671836,2.079441541671836,7.1363796517946305,0.0,0.0,0.0,0.1
uniform,0,81,0.5533574210947124,0.10065813862447498,0.5533574210947124,0.4828925322722835,2.3890982120807283,1.791759469229055,-2.079441541671836,2.079441541671836,7.1363796517946305,0.0,0.0,0.0,0.1
uniform,0,82,0.5533574210947124,0.10065813862447498,0.5533574210947124,0.4828925322722835,2.3890982120807283,1.791759469229055,-2.079441541671836,2.079441541671836,7.1363796517946305,0.0,0.0,0.0,0.1
uniform,0,83,0.5533574210947124,0.10065813862447498,0.5533574210947124,0.4828925322722835,2.3890982120807283,1.791759469229055,-2.079441541671836,2.079441541671836,7.1363796517946305,0.0,0.0,0.0,0.1
random,11,0,0.7452479525458875,0.13556386678354587,0.7452479525458875,0.23800646335122586,1.177530771454235,0.520231739310421,-3.081388792547866,3.081388792547866,7.1363796517946305,0.13653185477765584,5.551115123125783e-17,0.21292127505199998,0.1
random,11,1,0.645671415379485,0.11745045852381394,0.645671415379485,0.3311920486098639,1.6385640247238809,1.0157192219436406,-2.718572150698882,2.718572150698882,7.1363796517946305,0.09626449349272674,4.163336342344337e-17,0.09957653716640247,0.1
random,11,2,0.5801248201432816,0.10552724575367411,0.5801248201432816,0.42792898821590725,2.1171675110263855,1.4718027663805011,-2.291880882674591,2.291880882674591,7.1363796517946305,0.07575203167806735,2.7755575615628914e-17,0.06554659523620343,0.1
random,11,3,0.560127679236885,0.10188967823453407,0.560127679236885,0.4681206918972588,2.3160149169983884,1.6854320687569244,-2.1453933982020637,2.1453933982020637,7.1363796517946305,0.04154647474968124,0.0,0.019997140906396593,0.1
random,11,4,0.5533574210947124,0.10065813862447498,0.5533574210947124,0.4828925322722835,2.3890982120807283,1.791759469229055,-2.079441541671836,2.079441541671836,7.1363796517946305,0.020398602242719475,0.0,0.0067702581421725805,0.1
random,11,5,0.5533574210947124,0.10065813862447498,0.5533574210947124,0.4828925322722835,2.3890982120807283,1.791759469229055,-2.079441541671836,2.079441541671836,7.1363796517946305,0.0,0.0,0.0,0.1
random,11,6,0.5533574210947124,0.10065813862447498,0.5533574210947124,0.4828925322722835,2.3890982120807283,1.791759469229055,-2.079441541671836,2.079441541671836,7.1363796517946305,0.0,0.0,0.0,0.1
random,11,7,0.5533574210947124,0.10065813862447498,0.5533574210947124,0.4828925322722835,2.3890982120807283,1.791759469229055,-2.079441541671836,2.079441541671836,7.1363796517946305,0.0,0.0,0.0,0.1
random,11,8,0.5533574210947124,0.10065813862447498,0.5533574210947124,0.4828925322722835,2.3890982120807283,1.791759469229055,-2.079441541671836,2.079441541671836,7.1363796517946305,0.0,0.0,0.0,0.1
random,11,9,0.5533574210947124,0.10065813862447498,0.5533574210947124,0.4828925322722835,2.3890982120807283,1.791759469229055,-2.079441541671836,2.079441541671836,7.1363796517946305,0.0,0.0,0.0,0.1
random,11,10,0.5533574210947124,0.10065813862447498,0.5533574210947124,0.4828925322722835,2.3890982120807283,1.791759469229055,-2.079441541671836,2.079441541671836,7.1363796517946305,0.0,0.0,0.0,0.1
random,11,11,0.5533574210947124,0.10065813862447498,0.5533574210947124,0.4828925322722835,2.3890982120807283,1.791759469229055,-2.079441541671836,2.079441541671836,7.1363796517946305,0.0,0.0,0.0,0.1
random,11,12,0.5533574210947124,0.10065813862447498,0.5533574210947124,0.4828925322722835,2.3890982120807283,1.791759469229055,-2.079441541671836,2.079441541671836,7.1363796517946305,0.0,0.0,0.0,0.1
random,11,13,0.5533574210947124,0.10065813862447498,0.5533574210947124,0.4828925322722835,2.3890982120807283,1.791759469229055,-2.079441541671836,2.079441541671836,7.1363796517946305,0.0,0.0,0.0,0.1
random,11,14,0.5533574210947124,0.10065813862447498,0.5533574210947124,0.4828925322722835,2.3890982120807283,1.791759469229055,-2.079441541671836,2.079441541671836,7.1363796517946305,0.0,0.0,0.0,0.1
random,11,15,0.5533574210947124,0.10065813862447498,0.5533574210947124,0.4828925322722835,2.3890982120807283,1.791759469229055,-2.079441541671836,2.079441541671836,7.1363796517946305,0.0,0.0,0.0,0.1
random,11,16,0.5533574210947124,0.10065813862447498,0.5533574210947124,0.4828925322722835,2.3890982120807283,1.791759469229055,-2.079441541671836,2.079441541671836,7.1363796517946305,0.0,0.0,0.0,0.1
random,11,17,0.5533574210947124,0.10065813862447498,0.5533574210947124,0.4828925322722835,2.3890982120807283,1.791759469229055,-2.079441541671836,2.079441541671836,7.1363796517946305,0.0,0.0,0.0,0.1
random,11,18,0.5533574210947124,0.10065813862447498,0.5533574210947124,0.4828925322722835,2.3890982120807283,1.791759469229055,-2.079441541671836,2.079441541671836,7.1363796517946305,0.0,0.0,0.0,0.1
random,11,19,0.5533574210947124,0.10065813862447498,0.5533574210947124,0.4828925322722835,2.3890982120807283,1.791759469229055,-2.079441541671836,2.079441541671836,7.1363796517946305,0.0,0.0,0.0,0.1
random,11,20,0.5533574210947124,0.10065813862447498,0.5533574210947124,0.4828925322722835,2.3890982120807283,1.791759469229055,-2.079441541671836,2.079441541671836,7.1363796517946305,0.0,0.0,0.0,0.1
random,11,21,0.5533574210947124,0.10065813862447498,0.5533574210947124,0.4828925322722835,2.3890982120807283,1.791759469229055,-2.079441541671836,2.079441541671836,7.1363796517946305,0.0,0.0,0.0,0.1
random,11,22,0.5533574210947124,0.10065813862447498,0.5533574210947124,0.4828925322722835,2.3890982120807283,1.791759469229055,-2.079441541671836,2.079441541671836,7.1363796517946305,0.0,0.0,0.0,0.1
random,11,23,0.5533574210947124,0.10065813862447498,0.5533574210947124,0.4828925322722835,2.3890982120807283,1.791759469229055,-2.079441541671836,2.079441541671836,7.1363796517946305,0.0,0.0,0.0,0.1
random,11,24,0.5533574210947124,0.10065813862447498,0.5533574210947124,0.4828925322722835,2.3890982120807283,1.791759469229055,-2.079441541671836,2.079441541671836,7.1363796517946305,0.0,0.0,0.0,0.1
random,11,25,0.5533574210947124,0.10065813862447498,0.5533574210947124,0.4828925322722835,2.3890982120807283,1.791759469229055,-2.079441541671836,2.079441541671836,7.1363796517946305,0.0,0.0,0.0,0.1
random,11,26,0.5533574210947124,0.10065813862447498,0.5533574210947124,0.4828925322722835,2.3890982120807283,1.791759469229055,-2.079441541671836,2.079441541671836,7.1363796517946305,0.0,0.0,0.0,0.1
random,11,27,0.5533574210947124,0.10065813862447498,0.5533574210947124,0.4828925322722835,2.3890982120807283,1.791759469229055,-2.079441541671836,2.079441541671836,7.1363796517946305,0.0,0.0,0.0,0.1
random,11,28,0.5533574210947124,0.10065813862447498,0.5533574210947124,0.4828925322722835,2.3890982120807283,1.791759469229055,-2.079441541671836,2.079441541671836,7.1363796517946305,0.0,0.0,0.0,0.1
random,11,29,0.5533574210947124,0.10065813862447498,0.5533574210947124,0.4828925322722835,2.3890982120807283,1.791759469229055,-2.079441541671836,2.079441541671836,7.1363796517946305,0.0,0.0,0.0,0.1
random,11,30,0.5533574210947124,0.10065813862447498,0.5533574210947124,0.4828925322722835,2.3890982120807283,1.791759469229055,-2.079441541671836,2.079441541671836,7.1363796517946305,0.0,0.0,0.0,0.1
random,11,31,0.5533574210947124,0.10065813862447498,0.5533574210947124,0.4828925322722835,2.3890982120807283,1.791759469229055,-2.079441541671836,2.079441541671836,7.1363796517946305,0.0,0.0,0.0,0.1
random,11,32,0.5533574210947124,0.10065813862447498,0.5533574210947124,0.4828925322722835,2.3890982120807283,1.791759469229055,-2.079441541671836,2.079441541671836,7.1363796517946305,0.0,0.0,0.0,0.1
random,11,33,0.5533574210947124,0.10065813862447498,0.5533574210947124,0.4828925322722835,2.3890982120807283,1.791759469229055,-2.079441541671836,2.079441541671836,7.1363796517946305,0.0,0.0,0.0,0.1
random,11,34,0.5533574210947124,0.10065813862447498,0.5533574210947124,0.4828925322722835,2.3890982120807283,1.791759469229055,-2.079441541671836,2.079441541671836,7.1363796517946305,0.0,0.0,0.0,0.1
random,11,35,0.5533574210947124,0.10065813862447498,0.5533574210947124,0.4828925322722835,2.3890982120807283,1.791759469229055,-2.079441541671836,2.079441541671836,7.1363796517946305,0.0,0.0,0.0,0.1
random,11,36,0.5533574210947124,0.10065813862447498,0.5533574210947124,0.4828925322722835,2.3890982120807283,1.791759469229055,-2.079441541671836,2.079441541671836,7.1363796517946305,0.0,0.0,0.0,0.1
random,11,37,0.5533574210947124,0.10065813862447498,0.5533574210947124,0.4828925322722835,2.3890982120807283,1.791759469229055,-2.079441541671836,2.079441541671836,7.1363796517946305,0.0,0.0,0.0,0.1
random,11,38,0.5533574210947124,0.10065813862447498,0.5533574210947124,0.4828925322722835,2.3890982120807283,1.791759469229055,-2.079441541671836,2.079441541671836,7.1363796517946305,0.0,0.0,0.0,0.1
random,11,39,0.5533574210947124,0.10065813862447498,0.5533574210947124,0.4828925322722835,2.3890982120807283,1.791759469229055,-2.079441541671836,2.079441541671836,7.1363796517946305,0.0,0.0,0.0,0.1
random,11,40,0.5533574210947124,0.10065813862447498,0.5533574210947124,0.4828925322722835,2.3890982120807283,1.791759469229055,-2.079441541671836,2.079441541671836,7.1363796517946305,0.0,0.0,0.0,0.1
random,11,41,0.5533574210947124,0.10065813862447498,0.5533574210947124,0.4828925322722835,2.3890982120807283,1.791759469229055,-2.079441541671836,2.079441541671836,7.1363796517946305,0.0,0.0,0.0,0.1
random,11,42,0.5533574210947124,0.10065813862447498,0.5533574210947124,0.4828925322722835,2.3890982120807283,1.791759469229055,-2.079441541671836,2.079441541671836,7.1363796517946305,0.0,0.0,0.0,0.1
random,11,43,0.5533574210947124,0.10065813862447498,0.5533574210947124,0.4828925322722835,2.3890982120807283,1.791759469229055,-2.079441541671836,2.079441541671836,7.1363796517946305,0.0,0.0,0.0,0.1
random,11,44,0.5533574210947124,0.10065813862447498,0.5533574210947124,0.4828925322722835,2.3890982120807283,1.791759469229055,-2.079441541671836,2.079441541671836,7.1363796517946305,0.0,0.0,0.0,0.1
random,11,45,0.5533574210947124,0.10065813862447498,0.5533574210947124,0.4828925322722835,2.3890982120807283,1.791759469229055,-2.079441541671836,2.079441541671836,7.1363796517946305,0.0,0.0,0.0,0.1
random,11,46,0.5533574210947124,0.10065813862447498,0.5533574210947124,0.4828925322722835,2.3890982120807283,1.791759469229055,-2.079441541671836,2.079441541671836,7.1363796517946305,0.0,0.0,0.0,0.1
random,11,47,0.5533574210947124,0.10065813862447498,0.5533574210947124,0.4828925322722835,2.3890982120807283,1.791759469229055,-2.079441541671836,2.079441541671836,7.1363796517946305,0.0,0.0,0.0,0.1
random,11,48,0.5533574210947124,0.10065813862447498,0.5533574210947124,0.4828925322722835,2.3890982120807283,1.791759469229055,-2.079441541671836,2.079441541671836,7.1363796517946305,0.0,0.0,0.0,0.1
random,11,49,0.5533574210947124,0.10065813862447498,0.5533574210947124,0.4828925322722835,2.3890982120807283,1.791759469229055,-2.079441541671836,2.079441541671836,7.1363796517946305,0.0,0.0,0.0,0.1
random,11,50,0.5533574210947124,0.10065813862447498,0.5533574210947124,0.4828925322722835,2.3890982120807283,1.791759469229055,-2.079441541671836,2.079441541671836,7.1363796517946305,0.0,0.0,0.0,0.1
random,11,51,0.5533574210947124,0.10065813862447498,0.5533574210947124,0.4828925322722835,2.3890982120807283,1.791759469229055,-2.079441541671836,2.079441541671836,7.1363796517946305,0.0,0.0,0.0,0.1
random,11,52,0.5533574210947124,0.10065813862447498,0.5533574210947124,0.4828925322722835,2.3890982120807283,1.791759469229055,-2.079441541671836,2.079441541671836,7.1363796517946305,0.0,0.0,0.0,0.1
random,11,53,0.5533574210947124,0.10065813862447498,0.5533574210947124,0.4828925322722835,2.3890982120807283,1.791759469229055,-2.079441541671836,2.079441541671836,7.1363796517946305,0.0,0.0,0.0,0.1
random,11,54,0.5533574210947124,0.10065813862447498,0.5533574210947124,0.4828925322722835,2.3890982120807283,1.791759469229055,-2.079441541671836,2.079441541671836,7.1363796517946305,0.0,0.0,0.0,0.1
random,11,55,0.5533574210947124,0.10065813862447498,0.5533574210947124,0.4828925322722835,2.3890982120807283,1.791759469229055,-2.079441541671836,2.079441541671836,7.1363796517946305,0.0,0.0,0.0,0.1
random,11,56,0.5533574210947124,0.10065813862447498,0.5533574210947124,0.4828925322722835,2.3890982120807283,1.791759469229055,-2.079441541671836,2.079441541671836,7.1363796517946305,0.0,0.0,0.0,0.1
random,11,57,0.5533574210947124,0.10065813862447498,0.5533574210947124,0.4828925322722835,2.3890982120807283,1.791759469229055,-2.079441541671836,2.079441541671836,7.1363796517946305,0.0,0.0,0.0,0.1
random,11,58,0.5533574210947124,0.10065813862447498,0.5533574210947124,0.4828925322722835,2.3890982120807283,1.791759469229055,-2.079441541671836,2.079441541671836,7.1363796517946305,0.0,0.0,0.0,0.1
random,11,59,0.5533574210947124,0.10065813862447498,0.5533574210947124,0.4828925322722835,2.3890982120807283,1.791759469229055,-2.079441541671836,2.079441541671836,7.1363796517946305,0.0,0.0,0.0,0.1
random,11,60,0.5533574210947124,0.10065813862447498,0.5533574210947124,0.4828925322722835,2.3890982120807283,1.791759469229055,-2.079441541671836,2.079441541671836,7.1363796517946305,0.0,0.0,0.0,0.1
random,11,61,0.5533574210947124,0.10065813862447498,0.5533574210947124,0.4828925322722835,2.3890982120807283,1.791759469229055,-2.079441541671836,2.079441541671836,7.1363796517946305,0.0,0.0,0.0,0.1
random,11,62,0.5533574210947124,0.10065813862447498,0.5533574210947124,0.4828925322722835,2.3890982120807283,1.791759469229055,-2.079441541671836,2.079441541671836,7.1363796517946305,0.0,0.0,0.0,0.1
random,11,63,0.5533574210947124,0.10065813862447498,0.5533574210947124,0.4828925322722835,2.3890982120807283,1.791759469229055,-2.079441541671836,2.079441541671836,7.1363796517946305,0.0,0.0,0.0,0.1
random,11,64,0.5533574210947124,0.10065813862447498,0.5533574210947124,0.4828925322722835,2.3890982120807283,1.791759469229055,-2.079441541671836,2.079441541671836,7.1363796517946305,0.0,0.0,0.0,0.1
random,11,65,0.5533574210947124,0.10065813862447498,0.5533574210947124,0.4828925322722835,2.3890982120807283,1.791759469229055,-2.079441541671836,2.079441541671836,7.1363796517946305,0.0,0.0,0.0,0.1
random,11,66,0.5533574210947124,0.10065813862447498,0.5533574210947124,0.4828925322722835,2.3890982120807283,1.791759469229055,-2.079441541671836,2.079441541671836,7.1363796517946305,0.0,0.0,0.0,0.1
random,11,67,0.5533574210947124,0.10065813862447498,0.5533574210947124,0.4828925322722835,2.3890982120807283,1.791759469229055,-2.079441541671836,2.079441541671836,7.1363796517946305,0.0,0.0,0.0,0.1
random,11,68,0.5533574210947124,0.10065813862447498,0.5533574210947124,0.4828925322722835,2.3890982120807283,1.791759469229055,-2.079441541671836,2.079441541671836,7.1363796517946305,0.0,0.0,0.0,0.1
random,11,69,0.5533574210947124,0.10065813862447498,0.5533574210947124,0.4828925322722835,2.3890982120807283,1.791759469229055,-2.079441541671836,2.079441541671836,7.1363796517946305,0.0,0.0,0.0,0.1
random,11,70,0.5533574210947124,0.10065813862447498,0.5533574210947124,0.4828925322722835,2.3890982120807283,1.791759469229055,-2.079441541671836,2.079441541671836,7.1363796517946305,0.0,0.0,0.0,0.1
random,11,71,0.5533574210947124,0.10065813862447498,0.5533574210947124,0.4828925322722835,2.3890982120807283,1.791759469229055,-2.079441541671836,2.079441541671836,7.1363796517946305,0.0,0.0,0.0,0.1
random,11,72,0.5533574210947124,0.10065813862447498,0.5533574210947124,0.4828925322722835,2.3890982120807283,1.791759469229055,-2.079441541671836,2.079441541671836,7.1363796517946305,0.0,0.0,0.0,0.1
random,11,73,0.5533574210947124,0.10065813862447498,0.5533574210947124,0.4828925322722835,2.3890982120807283,1.791759469229055,-2.079441541671836,2.079441541671836,7.1363796517946305,0.0,0.0,0.0,0.1
random,11,74,0.5533574210947124,0.10065813862447498,0.5533574210947124,0.4828925322722835,2.3890982120807283,1.791759469229055,-2.079441541671836,2.079441541671836,7.1363796517946305,0.0,0.0,0.0,0.1
random,11,75,0.5533574210947124,0.10065813862447498,0.5533574210947124,0.4828925322722835,2.3890982120807283,1.791759469229055,-2.079441541671836,2.079441541671836,7.1363796517946305,0.0,0.0,0.0,0.1
random,11,76,0.5533574210947124,0.10065813862447498,0.5533574210947124,0.4828925322722835,2.3890982120807283,1.791759469229055,-2.079441541671836,2.079441541671836,7.1363796517946305,0.0,0.0,0.0,0.1
random,11,77,0.5533574210947124,0.10065813862447498,0.5533574210947124,0.4828925322722835,2.3890982120807283,1.791759469229055,-2.079441541671836,2.079441541671836,7.1363796517946305,0.0,0.0,0.0,0.1
random,11,78,0.5533574210947124,0.10065813862447498,0.5533574210947124,0.4828925322722835,2.3890982120807283,1.791759469229055,-2.079441541671836,2.079441541671836,7.1363796517946305,0.0,0.0,0.0,0.1
random,11,79,0.5533574210947124,0.10065813862447498,0.5533574210947124,0.4828925322722835,2.3890982120807283,1.791759469229055,-2.079441541671836,2.079441541671836,7.1363796517946305,0.0,0.0,0.0,0.1
random,11,80,0.5533574210947124,0.10065813862447498,0.5533574210947124,0.4828925322722835,2.3890982120807283,1.791759469229055,-2.079441541671836,2.079441541671836,7.1363796517946305,0.0,0.0,0.0,0.1
random,11,81,0.5533574210947124,0.10065813862447498,0.5533574210947124,0.4828925322722835,2.3890982120807283,1.791759469229055,-2.079441541671836,2.079441541671836,7.1363796517946305,0.0,0.0,0.0,0.1
random,11,82,0.5533574210947124,0.10065813862447498,0.5533574210947124,0.4828925322722835,2.3890982120807283,1.791759469229055,-2.079441541671836,2.079441541671836,7.1363796517946305,0.0,0.0,0.0,0.1
random,11,83,0.5533574210947124,0.10065813862447498,0.5533574210947124,0.4828925322722835,2.3890982120807283,1.791759469229055,-2.079441541671836,2.079441541671836,7.1363796517946305,0.0,0.0,0.0,0.1
random,11,84,0.5533574210947124,0.10065813862447498,0.5533574210947124,0.4828925322722835,2.3890982120807283,1.791759469229055,-2.079441541671836,2.079441541671836,7.1363796517946305,0.0,0.0,0.0,0.1
random,23,0,0.7733363325571326,0.14067326613580453,0.7733363325571326,0.22827025618587288,1.129361140373511,0.4215933435894501,-3.229963249012657,3.229963249012657,7.1363796517946305,0.13758803916784154,5.551115123125783e-17,0.20673928074141668,0.1
random,23,1,0.65544614586638,0.1192285248130855,0.65544614586638,0.315204365093492,1.5594653774026186,0.9668303114707643,-2.7563290812373724,2.7563290812373724,7.1363796517946305,0.099599241675448,2.7755575615628914e-17,0.11789018669075269,0.1
random,23,2,0.5947188866057411,0.10818197036578267,0.5947188866057411,0.39805859616503525,1.9693845252198254,1.3593820472739206,-2.397572415361872,2.397572415361872,7.1363796517946305,0.07246466681826595,1.3877787807814457e-17,0.06072725926063882,0.1
random,23,3,0.5640723573528874,0.10260723246168077,0.5640723573528874,0.45867933014992435,2.26930402593527,1.6341255154589633,-2.1934588564008295,2.1934588564008295,7.1363796517946305,0.05247968433220467,2.7755575615628914e-17,0.030646529252853716,0.1
random,23,4,0.5533574210947124,0.10065813862447498,0.5533574210947124,0.4828925322722835,2.3890982120807283,1.791759469229055,-2.079441541671836,2.079441541671836,7.1363796517946305,0.02367993152164985,0.0,0.01071493625817499,0.1
random,23,5,0.5533574210947124,0.10065813862447498,0.5533574210947124,0.4828925322722835,2.3890982120807283,1.791759469229055,-2.079441541671836,2.079441541671836,7.1363796517946305,0.0,0.0,0.0,0.1
random,23,6,0.5533574210947124,0.10065813862447498,0.5533574210947124,0.4828925322722835,2.3890982120807283,1.791759469229055,-2.079441541671836,2.079441541671836,7.1363796517946305,0.0,0.0,0.0,0.1
random,23,7,0.5533574210947124,0.10065813862447498,0.5533574210947124,0.4828925322722835,2.3890982120807283,1.791759469229055,-2.079441541671836,2.079441541671836,7.1363796517946305,0.0,0.0,0.0,0.1
random,23,8,0.5533574210947124,0.10065813862447498,0.5533574210947124,0.4828925322722835,2.3890982120807283,1.791759469229055,-2.079441541671836,2.079441541671836,7.1363796517946305,0.0,0.0,0.0,0.1
random,23,9,0.5533574210947124,0.10065813862447498,0.5533574210947124,0.4828925322722835,2.3890982120807283,1.791759469229055,-2.079441541671836,2.079441541671836,7.1363796517946305,0.0,0.0,0.0,0.1
random,23,10,0.5533574210947124,0.10065813862447498,0.5533574210947124,0.4828925322722835,2.3890982120807283,1.791759469229055,-2.079441541671836,2.079441541671836,7.1363796517946305,0.0,0.0,0.0,0.1
random,23,11,0.5533574210947124,0.10065813862447498,0.5533574210947124,0.4828925322722835,2.3890982120807283,1.791759469229055,-2.079441541671836,2.079441541671836,7.1363796517946305,0.0,0.0,0.0,0.1
random,23,12,0.5533574210947124,0.10065813862447498,0.5533574210947124,0.4828925322722835,2.3890982120807283,1.791759469229055,-2.079441541671836,2.079441541671836,7.1363796517946305,0.0,0.0,0.0,0.1
random,23,13,0.5533574210947124,0.10065813862447498,0.5533574210947124,0.4828925322722835,2.3890982120807283,1.791759469229055,-2.079441541671836,2.079441541671836,7.1363796517946305,0.0,0.0,0.0,0.1
random,23,14,0.5533574210947124,0.10065813862447498,0.5533574210947124,0.4828925322722835,2.3890982120807283,1.791759469229055,-2.079441541671836,2.079441541671836,7.1363796517946305,0.0,0.0,0.0,0.1
random,23,15,0.5533574210947124,0.10065813862447498,0.5533574210947124,0.4828925322722835,2.3890982120807283,1.791759469229055,-2.079441541671836,2.079441541671836,7.1363796517946305,0.0,0.0,0.0,0.1
random,23,16,0.5533574210947124,0.10065813862447498,0.5533574210947124,0.4828925322722835,2.3890982120807283,1.791759469229055,-2.079441541671836,2.079441541671836,7.1363796517946305,0.0,0.0,0.0,0.1
random,23,17,0.5533574210947124,0.10065813862447498,0.5533574210947124,0.4828925322722835,2.3890982120807283,1.791759469229055,-2.079441541671836,2.079441541671836,7.1363796517946305,0.0,0.0,0.0,0.1
random,23,18,0.5533574210947124,0.10065813862447498,0.5533574210947124,0.4828925322722835,2.3890982120807283,1.791759469229055,-2.079441541671836,2.079441541671836,7.1363796517946305,0.0,0.0,0.0,0.1
random,23,19,0.5533574210947124,0.10065813862447498,0.5533574210947124,0.4828925322722835,2.3890982120807283,1.791759469229055,-2.079441541671836,2.079441541671836,7.1363796517946305,0.0,0.0,0.0,0.1
random,23,20,0.5533574210947124,0.10065813862447498,0.5533574210947124,0.4828925322722835,2.3890982120807283,1.791759469229055,-2.079441541671836,2.079441541671836,7.1363796517946305,0.0,0.0,0.0,0.1
random,23,21,0.5533574210947124,0.10065813862447498,0.5533574210947124,0.4828925322722835,2.3890982120807283,1.791759469229055,-2.079441541671836,2.079441541671836,7.1363796517946305,0.0,0.0,0.0,0.1
random,23,22,0.5533574210947124,0.10065813862447498,0.5533574210947124,0.4828925322722835,2.3890982120807283,1.791759469229055,-2.079441541671836,2.079441541671836,7.1363796517946305,0.0,0.0,0.0,0.1
random,23,23,0.5533574210947124,0.10065813862447498,0.5533574210947124,0.4828925322722835,2.3890982120807283,1.791759469229055,-2.079441541671836,2.079441541671836,7.1363796517946305,0.0,0.0,0.0,0.1
random,23,24,0.5533574210947124,0.10065813862447498,0.5533574210947124,0.4828925322722835,2.3890982120807283,1.791759469229055,-2.079441541671836,2.079441541671836,7.1363796517946305,0.0,0.0,0.0,0.1
random,23,25,0.5533574210947124,0.10065813862447498,0.5533574210947124,0.4828925322722835,2.3890982120807283,1.791759469229055,-2.079441541671836,2.079441541671836,7.1363796517946305,0.0,0.0,0.0,0.1
random,23,26,0.5533574210947124,0.10065813862447498,0.5533574210947124,0.4828925322722835,2.3890982120807283,1.791759469229055,-2.079441541671836,2.079441541671836,7.1363796517946305,0.0,0.0,0.0,0.1
random,23,27,0.5533574210947124,0.10065813862447498,0.5533574210947124,0.4828925322722835,2.3890982120807283,1.791759469229055,-2.079441541671836,2.079441541671836,7.1363796517946305,0.0,0.0,0.0,0.1
random,23,28,0.5533574210947124,0.10065813862447498,0.5533574210947124,0.4828925322722835,2.3890982120807283,1.791759469229055,-2.079441541671836,2.079441541671836,7.1363796517946305,0.0,0.0,0.0,0.1
random,23,29,0.5533574210947124,0.10065813862447498,0.5533574210947124,0.4828925322722835,2.3890982120807283,1.791759469229055,-2.079441541671836,2.079441541671836,7.1363796517946305,0.0,0.0,0.0,0.1
random,23,30,0.5533574210947124,0.10065813862447498,0.5533574210947124,0.4828925322722835,2.3890982120807283,1.791759469229055,-2.079441541671836,2.079441541671836,7.1363796517946305,0.0,0.0,0.0,0.1
random,23,31,0.5533574210947124,0.10065813862447498,0.5533574210947124,0.4828925322722835,2.3890982120807283,1.791759469229055,-2.079441541671836,2.079441541671836,7.1363796517946305,0.0,0.0,0.0,0.1
random,23,32,0.5533574210947124,0.10065813862447498,0.5533574210947124,0.4828925322722835,2.3890982120807283,1.791759469229055,-2.079441541671836,2.079441541671836,7.1363796517946305,0.0,0.0,0.0,0.1
random,23,33,0.5533574210947124,0.10065813862447498,0.5533574210947124,0.4828925322722835,2.3890982120807283,1.791759469229055,-2.079441541671836,2.079441541671836,7.1363796517946305,0.0,0.0,0.0,0.1
random,23,34,0.5533574210947124,0.10065813862447498,0.5533574210947124,0.4828925322722835,2.3890982120807283,1.791759469229055,-2.079441541671836,2.079441541671836,7.1363796517946305,0.0,0.0,0.0,0.1
random,23,35,0.5533574210947124,0.10065813862447498,0.5533574210947124,0.4828925322722835,2.3890982120807283,1.791759469229055,-2.079441541671836,2.079441541671836,7.1363796517946305,0.0,0.0,0.0,0.1
random,23,36,0.5533574210947124,0.10065813862447498,0.5533574210947124,0.4828925322722835,2.3890982120807283,1.791759469229055,-2.079441541671836,2.079441541671836,7.1363796517946305,0.0,0.0,0.0,0.1
random,23,37,0.5533574210947124,0.10065813862447498,0.5533574210947124,0.4828925322722835,2.3890982120807283,1.791759469229055,-2.079441541671836,2.079441541671836,7.1363796517946305,0.0,0.0,0.0,0.1
random,23,38,0.5533574210947124,0.10065813862447498,0.5533574210947124,0.4828925322722835,2.3890982120807283,1.791759469229055,-2.079441541671836,2.079441541671836,7.1363796517946305,0.0,0.0,0.0,0.1
random,23,39,0.5533574210947124,0.10065813862447498,0.5533574210947124,0.4828925322722835,2.3890982120807283,1.791759469229055,-2.079441541671836,2.079441541671836,7.1363796517946305,0.0,0.0,0.0,0.1
random,23,40,0.5533574210947124,0.10065813862447498,0.5533574210947124,0.4828925322722835,2.3890982120807283,1.791759469229055,-2.079441541671836,2.079441541671836,7.1363796517946305,0.0,0.0,0.0,0.1
random,23,41,0.5533574210947124,0.10065813862447498,0.5533574210947124,0.4828925322722835,2.3890982120807283,1.791759469229055,-2.079441541671836,2.079441541671836,7.1363796517946305,0.0,0.0,0.0,0.1
random,23,42,0.5533574210947124,0.10065813862447498,0.5533574210947124,0.4828925322722835,2.3890982120807283,1.791759469229055,-2.079441541671836,2.079441541671836,7.1363796517946305,0.0,0.0,0.0,0.1
random,23,43,0.5533574210947124,0.10065813862447498,0.5533574210947124,0.4828925322722835,2.3890982120807283,1.791759469229055,-2.079441541671836,2.079441541671836,7.1363796517946305,0.0,0.0,0.0,0.1
random,23,44,0.5533574210947124,0.10065813862447498,0.5533574210947124,0.4828925322722835,2.3890982120807283,1.791759469229055,-2.079441541671836,2.079441541671836,7.1363796517946305,0.0,0.0,0.0,0.1
random,23,45,0.5533574210947124,0.10065813862447498,0.5533574210947124,0.4828925322722835,2.3890982120807283,1.791759469229055,-2.079441541671836,2.079441541671836,7.1363796517946305,0.0,0.0,0.0,0.1
random,23,46,0.5533574210947124,0.10065813862447498,0.5533574210947124,0.4828925322722835,2.3890982120807283,1.791759469229055,-2.079441541671836,2.079441541671836,7.1363796517946305,0.0,0.0,0.0,0.1
random,23,47,0.5533574210947124,0.10065813862447498,0.5533574210947124,0.4828925322722835,2.3890982120807283,1.791759469229055,-2.079441541671836,2.079441541671836,7.1363796517946305,0.0,0.0,0.0,0.1
random,23,48,0.5533574210947124,0.10065813862447498,0.5533574210947124,0.4828925322722835,2.3890982120807283,1.791759469229055,-2.079441541671836,2.079441541671836,7.1363796517946305,0.0,0.0,0.0,0.1
random,23,49,0.5533574210947124,0.10065813862447498,0.5533574210947124,0.4828925322722835,2.3890982120807283,1.791759469229055,-2.079441541671836,2.079441541671836,7.1363796517946305,0.0,0.0,0.0,0.1
random,23,50,0.5533574210947124,0.10065813862447498,0.5533574210947124,0.4828925322722835,2.3890982120807283,1.791759469229055,-2.079441541671836,2.079441541671836,7.1363796517946305,0.0,0.0,0.0,0.1
random,23,51,0.5533574210947124,0.10065813862447498,0.5533574210947124,0.4828925322722835,2.3890982120807283,1.791759469229055,-2.079441541671836,2.079441541671836,7.1363796517946305,0.0,0.0,0.0,0.1
random,23,52,0.5533574210947124,0.10065813862447498,0.5533574210947124,0.4828925322722835,2.3890982120807283,1.791759469229055,-2.079441541671836,2.079441541671836,7.1363796517946305,0.0,0.0,0.0,0.1
random,23,53,0.5533574210947124,0.10065813862447498,0.5533574210947124,0.4828925322722835,2.3890982120807283,1.791759469229055,-2.079441541671836,2.079441541671836,7.1363796517946305,0.0,0.0,0.0,0.1
random,23,54,0.5533574210947124,0.10065813862447498,0.5533574210947124,0.4828925322722835,2.3890982120807283,1.791759469229055,-2.079441541671836,2.079441541671836,7.1363796517946305,0.0,0.0,0.0,0.1
random,23,55,0.5533574210947124,0.10065813862447498,0.5533574210947124,0.4828925322722835,2.3890982120807283,1.791759469229055,-2.079441541671836,2.079441541671836,7.1363796517946305,0.0,0.0,0.0,0.1
random,23,56,0.5533574210947124,0.10065813862447498,0.5533574210947124,0.4828925322722835,2.3890982120807283,1.791759469229055,-2.079441541671836,2.079441541671836,7.1363796517946305,0.0,0.0,0.0,0.1
random,23,57,0.5533574210947124,0.10065813862447498,0.5533574210947124,0.4828925322722835,2.3890982120807283,1.791759469229055,-2.079441541671836,2.079441541671836,7.1363796517946305,0.0,0.0,0.0,0.1
random,23,58,0.5533574210947124,0.10065813862447498,0.5533574210947124,0.4828925322722835,2.3890982120807283,1.791759469229055,-2.079441541671836,2.079441541671836,7.1363796517946305,0.0,0.0,0.0,0.1
random,23,59,0.5533574210947124,0.10065813862447498,0.5533574210947124,0.4828925322722835,2.3890982120807283,1.791759469229055,-2.079441541671836,2.079441541671836,7.1363796517946305,0.0,0.0,0.0,0.1
random,23,60,0.5533574210947124,0.10065813862447498,0.5533574210947124,0.4828925322722835,2.3890982120807283,1.791759469229055,-2.079441541671836,2.079441541671836,7.1363796517946305,0.0,0.0,0.0,0.1
random,23,61,0.5533574210947124,0.10065813862447498,0.5533574210947124,0.4828925322722835,2.3890982120807283,1.791759469229055,-2.079441541671836,2.079441541671836,7.1363796517946305,0.0,0.0,0.0,0.1
random,23,62,0.5533574210947124,0.10065813862447498,0.5533574210947124,0.4828925322722835,2.3890982120807283,1.791759469229055,-2.079441541671836,2.079441541671836,7.1363796517946305,0.0,0.0,0.0,0.1
random,23,63,0.5533574210947124,0.10065813862447498,0.5533574210947124,0.4828925322722835,2.3890982120807283,1.791759469229055,-2.079441541671836,2.079441541671836,7.1363796517946305,0.0,0.0,0.0,0.1
random,23,64,0.5533574210947124,0.10065813862447498,0.5533574210947124,0.4828925322722835,2.3890982120807283,1.791759469229055,-2.079441541671836,2.079441541671836,7.1363796517946305,0.0,0.0,0.0,0.1
random,23,65,0.5533574210947124,0.10065813862447498,0.5533574210947124,0.4828925322722835,2.3890982120807283,1.791759469229055,-2.079441541671836,2.079441541671836,7.1363796517946305,0.0,0.0,0.0,0.1
random,23,66,0.5533574210947124,0.10065813862447498,0.5533574210947124,0.4828925322722835,2.3890982120807283,1.791759469229055,-2.079441541671836,2.079441541671836,7.1363796517946305,0.0,0.0,0.0,0.1
random,23,67,0.5533574210947124,0.10065813862447498,0.5533574210947124,0.4828925322722835,2.3890982120807283,1.791759469229055,-2.079441541671836,2.079441541671836,7.1363796517946305,0.0,0.0,0.0,0.1
random,23,68,0.5533574210947124,0.10065813862447498,0.5533574210947124,0.4828925322722835,2.3890982120807283,1.791759469229055,-2.079441541671836,2.079441541671836,7.1363796517946305,0.0,0.0,0.0,0.1
random,23,69,0.5533574210947124,0.10065813862447498,0.5533574210947124,0.4828925322722835,2.3890982120807283,1.791759469229055,-2.079441541671836,2.079441541671836,7.1363796517946305,0.0,0.0,0.0,0.1
random,23,70,0.5533574210947124,0.10065813862447498,0.5533574210947124,0.4828925322722835,2.3890982120807283,1.791759469229055,-2.079441541671836,2.079441541671836,7.1363796517946305,0.0,0.0,0.0,0.1
random,23,71,0.5533574210947124,0.10065813862447498,0.5533574210947124,0.4828925322722835,2.3890982120807283,1.791759469229055,-2.079441541671836,2.079441541671836,7.1363796517946305,0.0,0.0,0.0,0.1
random,23,72,0.5533574210947124,0.10065813862447498,0.5533574210947124,0.4828925322722835,2.3890982120807283,1.791759469229055,-2.079441541671836,2.079441541671836,7.1363796517946305,0.0,0.0,0.0,0.1
random,23,73,0.5533574210947124,0.10065813862447498,0.5533574210947124,0.4828925322722835,2.3890982120807283,1.791759469229055,-2.079441541671836,2.079441541671836,7.1363796517946305,0.0,0.0,0.0,0.1
random,23,74,0.5533574210947124,0.10065813862447498,0.5533574210947124,0.4828925322722835,2.3890982120807283,1.791759469229055,-2.079441541671836,2.079441541671836,7.1363796517946305,0.0,0.0,0.0,0.1
random,23,75,0.5533574210947124,0.10065813862447498,0.5533574210947124,0.4828925322722835,2.3890982120807283,1.791759469229055,-2.079441541671836,2.079441541671836,7.1363796517946305,0.0,0.0,0.0,0.1
random,23,76,0.5533574210947124,0.10065813862447498,0.5533574210947124,0.4828925322722835,2.3890982120807283,1.791759469229055,-2.079441541671836,2.079441541671836,7.1363796517946305,0.0,0.0,0.0,0.1
random,23,77,0.5533574210947124,0.10065813862447498,0.5533574210947124,0.4828925322722835,2.3890982120807283,1.791759469229055,-2.079441541671836,2.079441541671836,7.1363796517946305,0.0,0.0,0.0,0.1
random,23,78,0.5533574210947124,0.10065813862447498,0.5533574210947124,0.4828925322722835,2.3890982120807283,1.791759469229055,-2.079441541671836,2.079441541671836,7.1363796517946305,0.0,0.0,0.0,0.1
random,23,79,0.5533574210947124,0.10065813862447498,0.5533574210947124,0.4828925322722835,2.3890982120807283,1.791759469229055,-2.079441541671836,2.079441541671836,7.1363796517946305,0.0,0.0,0.0,0.1
random,23,80,0.5533574210947124,0.10065813862447498,0.5533574210947124,0.4828925322722835,2.3890982120807283,1.791759469229055,-2.079441541671836,2.079441541671836,7.1363796517946305,0.0,0.0,0.0,0.1
random,23,81,0.5533574210947124,0.10065813862447498,0.5533574210947124,0.4828925322722835,2.3890982120807283,1.791759469229055,-2.079441541671836,2.079441541671836,7.1363796517946305,0.0,0.0,0.0,0.1
random,23,82,0.5533574210947124,0.10065813862447498,0.5533574210947124,0.4828925322722835,2.3890982120807283,1.791759469229055,-2.079441541671836,2.079441541671836,7.1363796517946305,0.0,0.0,0.0,0.1
random,23,83,0.5533574210947124,0.10065813862447498,0.5533574210947124,0.4828925322722835,2.3890982120807283,1.791759469229055,-2.079441541671836,2.079441541671836,7.1363796517946305,0.0,0.0,0.0,0.1
random,23,84,0.5533574210947124,0.10065813862447498,0.5533574210947124,0.4828925322722835,2.3890982120807283,1.791759469229055,-2.079441541671836,2.079441541671836,7.1363796517946305,0.0,0.0,0.0,0.1
random,37,0,0.7735332356748474,0.14070908367536028,0.7735332356748474,0.21772149370916563,1.0771714130770966,0.4012630864795655,-3.147318122708107,3.147318122708107,7.1363796517946305,0.14353208751313318,5.551115123125783e-17,0.22870781741246526,0.1
random,37,1,0.6569101179401048,0.11949482774555152,0.6569101179401048,0.29798609525580694,1.4742784363439776,0.9400741049977174,-2.7334637508662647,2.7334637508662647,7.1363796517946305,0.10390564363346445,5.551115123125783e-17,0.11662311773474265,0.1
random,37,2,0.5970250888007707,0.10860147864631518,0.5970250888007707,0.3868221667818602,1.913792583834453,1.336212654340848,-2.370750015054109,2.370750015054109,7.1363796517946305,0.07105599603316273,1.3877787807814457e-17,0.059885029139334134,0.1
random,37,3,0.5698723446827467,0.10366227556115562,0.5698723446827467,0.44609686632916457,2.207052614267554,1.578032363872665,-2.2011045660320576,2.2011045660320576,7.1363796517946305,0.05003293964956846,0.0,0.02715274411802393,0.1
random,37,4,0.5566157153247585,0.10125083661637771,0.5566157153247585,0.47653748915703537,2.35765680197465,1.7423564943749017,-2.110723272974739,2.110723272974739,7.1363796517946305,0.03547919938719037,1.3877787807814457e-17,0.013256629357988214,0.1
random,37,5,0.5533574210947124,0.10065813862447498,0.5533574210947124,0.4828925322722835,2.3890982120807283,1.791759469229055,-2.079441541671836,2.079441541671836,7.1363796517946305,0.012143925241971741,0.0,0.003258294230046088,0.1
random,37,6,0.5533574210947124,0.10065813862447498,0.5533574210947124,0.4828925322722835,2.3890982120807283,1.791759469229055,-2.079441541671836,2.079441541671836,7.1363796517946305,0.0,0.0,0.0,0.1
random,37,7,0.5533574210947124,0.10065813862447498,0.5533574210947124,0.4828925322722835,2.3890982120807283,1.791759469229055,-2.079441541671836,2.079441541671836,7.1363796517946305,0.0,0.0,0.0,0.1
random,37,8,0.5533574210947124,0.10065813862447498,0.5533574210947124,0.4828925322722835,2.3890982120807283,1.791759469229055,-2.079441541671836,2.079441541671836,7.1363796517946305,0.0,0.0,0.0,0.1
random,37,9,0.5533574210947124,0.10065813862447498,0.5533574210947124,0.4828925322722835,2.3890982120807283,1.791759469229055,-2.079441541671836,2.079441541671836,7.1363796517946305,0.0,0.0,0.0,0.1
random,37,10,0.5533574210947124,0.10065813862447498,0.5533574210947124,0.4828925322722835,2.3890982120807283,1.791759469229055,-2.079441541671836,2.079441541671836,7.1363796517946305,0.0,0.0,0.0,0.1
random,37,11,0.5533574210947124,0.10065813862447498,0.5533574210947124,0.4828925322722835,2.3890982120807283,1.791759469229055,-2.079441541671836,2.079441541671836,7.1363796517946305,0.0,0.0,0.0,0.1
random,37,12,0.5533574210947124,0.10065813862447498,0.5533574210947124,0.4828925322722835,2.3890982120807283,1.791759469229055,-2.079441541671836,2.079441541671836,7.1363796517946305,0.0,0.0,0.0,0.1
random,37,13,0.5533574210947124,0.10065813862447498,0.5533574210947124,0.4828925322722835,2.3890982120807283,1.791759469229055,-2.079441541671836,2.079441541671836,7.1363796517946305,0.0,0.0,0.0,0.1
random,37,14,0.5533574210947124,0.10065813862447498,0.5533574210947124,0.4828925322722835,2.3890982120807283,1.791759469229055,-2.079441541671836,2.079441541671836,7.1363796517946305,0.0,0.0,0.0,0.1
random,37,15,0.5533574210947124,0.10065813862447498,0.5533574210947124,0.4828925322722835,2.3890982120807283,1.791759469229055,-2.079441541671836,2.079441541671836,7.1363796517946305,0.0,0.0,0.0,0.1
random,37,16,0.5533574210947124,0.10065813862447498,0.5533574210947124,0.4828925322722835,2.3890982120807283,1.791759469229055,-2.079441541671836,2.079441541671836,7.1363796517946305,0.0,0.0,0.0,0.1
random,37,17,0.5533574210947124,0.10065813862447498,0.5533574210947124,0.4828925322722835,2.3890982120807283,1.791759469229055,-2.079441541671836,2.079441541671836,7.1363796517946305,0.0,0.0,0.0,0.1
random,37,18,0.5533574210947124,0.10065813862447498,0.5533574210947124,0.4828925322722835,2.3890982120807283,1.791759469229055,-2.079441541671836,2.079441541671836,7.1363796517946305,0.0,0.0,0.0,0.1
random,37,19,0.5533574210947124,0.10065813862447498,0.5533574210947124,0.4828925322722835,2.3890982120807283,1.791759469229055,-2.079441541671836,2.079441541671836,7.1363796517946305,0.0,0.0,0.0,0.1
random,37,20,0.5533574210947124,0.10065813862447498,0.5533574210947124,0.4828925322722835,2.3890982120807283,1.791759469229055,-2.079441541671836,2.079441541671836,7.1363796517946305,0.0,0.0,0.0,0.1
random,37,21,0.5533574210947124,0.10065813862447498,0.5533574210947124,0.4828925322722835,2.3890982120807283,1.791759469229055,-2.079441541671836,2.079441541671836,7.1363796517946305,0.0,0.0,0.0,0.1
random,37,22,0.5533574210947124,0.10065813862447498,0.5533574210947124,0.4828925322722835,2.3890982120807283,1.791759469229055,-2.079441541671836,2.079441541671836,7.1363796517946305,0.0,0.0,0.0,0.1
random,37,23,0.5533574210947124,0.10065813862447498,0.5533574210947124,0.4828925322722835,2.3890982120807283,1.791759469229055,-2.079441541671836,2.079441541671836,7.1363796517946305,0.0,0.0,0.0,0.1
random,37,24,0.5533574210947124,0.10065813862447498,0.5533574210947124,0.4828925322722835,2.3890982120807283,1.791759469229055,-2.079441541671836,2.079441541671836,7.1363796517946305,0.0,0.0,0.0,0.1
random,37,25,0.5533574210947124,0.10065813862447498,0.5533574210947124,0.4828925322722835,2.3890982120807283,1.791759469229055,-2.079441541671836,2.079441541671836,7.1363796517946305,0.0,0.0,0.0,0.1
random,37,26,0.5533574210947124,0.10065813862447498,0.5533574210947124,0.4828925322722835,2.3890982120807283,1.791759469229055,-2.079441541671836,2.079441541671836,7.1363796517946305,0.0,0.0,0.0,0.1
random,37,27,0.5533574210947124,0.10065813862447498,0.5533574210947124,0.4828925322722835,2.3890982120807283,1.791759469229055,-2.079441541671836,2.079441541671836,7.1363796517946305,0.0,0.0,0.0,0.1
random,37,28,0.5533574210947124,0.10065813862447498,0.5533574210947124,0.4828925322722835,2.3890982120807283,1.791759469229055,-2.079441541671836,2.079441541671836,7.1363796517946305,0.0,0.0,0.0,0.1
random,37,29,0.5533574210947124,0.10065813862447498,0.5533574210947124,0.4828925322722835,2.3890982120807283,1.791759469229055,-2.079441541671836,2.079441541671836,7.1363796517946305,0.0,0.0,0.0,0.1
random,37,30,0.5533574210947124,0.10065813862447498,0.5533574210947124,0.4828925322722835,2.3890982120807283,1.791759469229055,-2.079441541671836,2.079441541671836,7.1363796517946305,0.0,0.0,0.0,0.1
random,37,31,0.5533574210947124,0.10065813862447498,0.5533574210947124,0.4828925322722835,2.3890982120807283,1.791759469229055,-2.079441541671836,2.079441541671836,7.1363796517946305,0.0,0.0,0.0,0.1
random,37,32,0.5533574210947124,0.10065813862447498,0.5533574210947124,0.4828925322722835,2.3890982120807283,1.791759469229055,-2.079441541671836,2.079441541671836,7.1363796517946305,0.0,0.0,0.0,0.1
random,37,33,0.5533574210947124,0.10065813862447498,0.5533574210947124,0.4828925322722835,2.3890982120807283,1.791759469229055,-2.079441541671836,2.079441541671836,7.1363796517946305,0.0,0.0,0.0,0.1
random,37,34,0.5533574210947124,0.10065813862447498,0.5533574210947124,0.4828925322722835,2.3890982120807283,1.791759469229055,-2.079441541671836,2.079441541671836,7.1363796517946305,0.0,0.0,0.0,0.1
random,37,35,0.5533574210947124,0.10065813862447498,0.5533574210947124,0.4828925322722835,2.3890982120807283,1.791759469229055,-2.079441541671836,2.079441541671836,7.1363796517946305,0.0,0.0,0.0,0.1
random,37,36,0.5533574210947124,0.10065813862447498,0.5533574210947124,0.4828925322722835,2.3890982120807283,1.791759469229055,-2.079441541671836,2.079441541671836,7.1363796517946305,0.0,0.0,0.0,0.1
random,37,37,0.5533574210947124,0.10065813862447498,0.5533574210947124,0.4828925322722835,2.3890982120807283,1.791759469229055,-2.079441541671836,2.079441541671836,7.1363796517946305,0.0,0.0,0.0,0.1
random,37,38,0.5533574210947124,0.10065813862447498,0.5533574210947124,0.4828925322722835,2.3890982120807283,1.791759469229055,-2.079441541671836,2.079441541671836,7.1363796517946305,0.0,0.0,0.0,0.1
random,37,39,0.5533574210947124,0.10065813862447498,0.5533574210947124,0.4828925322722835,2.3890982120807283,1.791759469229055,-2.079441541671836,2.079441541671836,7.1363796517946305,0.0,0.0,0.0,0.1
random,37,40,0.5533574210947124,0.10065813862447498,0.5533574210947124,0.4828925322722835,2.3890982120807283,1.791759469229055,-2.079441541671836,2.079441541671836,7.1363796517946305,0.0,0.0,0.0,0.1
random,37,41,0.5533574210947124,0.10065813862447498,0.5533574210947124,0.4828925322722835,2.3890982120807283,1.791759469229055,-2.079441541671836,2.079441541671836,7.1363796517946305,0.0,0.0,0.0,0.1
random,37,42,0.5533574210947124,0.10065813862447498,0.5533574210947124,0.4828925322722835,2.3890982120807283,1.791759469229055,-2.079441541671836,2.079441541671836,7.1363796517946305,0.0,0.0,0.0,0.1
random,37,43,0.5533574210947124,0.10065813862447498,0.5533574210947124,0.4828925322722835,2.3890982120807283,1.791759469229055,-2.079441541671836,2.079441541671836,7.1363796517946305,0.0,0.0,0.0,0.1
random,37,44,0.5533574210947124,0.10065813862447498,0.5533574210947124,0.4828925322722835,2.3890982120807283,1.791759469229055,-2.079441541671836,2.079441541671836,7.1363796517946305,0.0,0.0,0.0,0.1
random,37,45,0.5533574210947124,0.10065813862447498,0.5533574210947124,0.4828925322722835,2.3890982120807283,1.791759469229055,-2.079441541671836,2.079441541671836,7.1363796517946305,0.0,0.0,0.0,0.1
random,37,46,0.5533574210947124,0.10065813862447498,0.5533574210947124,0.4828925322722835,2.3890982120807283,1.791759469229055,-2.079441541671836,2.079441541671836,7.1363796517946305,0.0,0.0,0.0,0.1
random,37,47,0.5533574210947124,0.10065813862447498,0.5533574210947124,0.4828925322722835,2.3890982120807283,1.791759469229055,-2.079441541671836,2.079441541671836,7.1363796517946305,0.0,0.0,0.0,0.1
random,37,48,0.5533574210947124,0.10065813862447498,0.5533574210947124,0.4828925322722835,2.3890982120807283,1.791759469229055,-2.079441541671836,2.079441541671836,7.1363796517946305,0.0,0.0,0.0,0.1
random,37,49,0.5533574210947124,0.10065813862447498,0.5533574210947124,0.4828925322722835,2.3890982120807283,1.791759469229055,-2.079441541671836,2.079441541671836,7.1363796517946305,0.0,0.0,0.0,0.1
random,37,50,0.5533574210947124,0.10065813862447498,0.5533574210947124,0.4828925322722835,2.3890982120807283,1.791759469229055,-2.079441541671836,2.079441541671836,7.1363796517946305,0.0,0.0,0.0,0.1
random,37,51,0.5533574210947124,0.10065813862447498,0.5533574210947124,0.4828925322722835,2.3890982120807283,1.791759469229055,-2.079441541671836,2.079441541671836,7.1363796517946305,0.0,0.0,0.0,0.1
random,37,52,0.5533574210947124,0.10065813862447498,0.5533574210947124,0.4828925322722835,2.3890982120807283,1.791759469229055,-2.079441541671836,2.079441541671836,7.1363796517946305,0.0,0.0,0.0,0.1
random,37,53,0.5533574210947124,0.10065813862447498,0.5533574210947124,0.4828925322722835,2.3890982120807283,1.791759469229055,-2.079441541671836,2.079441541671836,7.1363796517946305,0.0,0.0,0.0,0.1
random,37,54,0.5533574210947124,0.10065813862447498,0.5533574210947124,0.4828925322722835,2.3890982120807283,1.791759469229055,-2.079441541671836,2.079441541671836,7.1363796517946305,0.0,0.0,0.0,0.1
random,37,55,0.5533574210947124,0.10065813862447498,0.5533574210947124,0.4828925322722835,2.3890982120807283,1.791759469229055,-2.079441541671836,2.079441541671836,7.1363796517946305,0.0,0.0,0.0,0.1
random,37,56,0.5533574210947124,0.10065813862447498,0.5533574210947124,0.4828925322722835,2.3890982120807283,1.791759469229055,-2.079441541671836,2.079441541671836,7.1363796517946305,0.0,0.0,0.0,0.1
random,37,57,0.5533574210947124,0.10065813862447498,0.5533574210947124,0.4828925322722835,2.3890982120807283,1.791759469229055,-2.079441541671836,2.079441541671836,7.1363796517946305,0.0,0.0,0.0,0.1
random,37,58,0.5533574210947124,0.10065813862447498,0.5533574210947124,0.4828925322722835,2.3890982120807283,1.791759469229055,-2.079441541671836,2.079441541671836,7.1363796517946305,0.0,0.0,0.0,0.1
random,37,59,0.5533574210947124,0.10065813862447498,0.5533574210947124,0.4828925322722835,2.3890982120807283,1.791759469229055,-2.079441541671836,2.079441541671836,7.1363796517946305,0.0,0.0,0.0,0.1
random,37,60,0.5533574210947124,0.10065813862447498,0.5533574210947124,0.4828925322722835,2.3890982120807283,1.791759469229055,-2.079441541671836,2.079441541671836,7.1363796517946305,0.0,0.0,0.0,0.1
random,37,61,0.5533574210947124,0.10065813862447498,0.5533574210947124,0.4828925322722835,2.3890982120807283,1.791759469229055,-2.079441541671836,2.079441541671836,7.1363796517946305,0.0,0.0,0.0,0.1
random,37,62,0.5533574210947124,0.10065813862447498,0.5533574210947124,0.4828925322722835,2.3890982120807283,1.791759469229055,-2.079441541671836,2.079441541671836,7.1363796517946305,0.0,0.0,0.0,0.1
random,37,63,0.5533574210947124,0.10065813862447498,0.5533574210947124,0.4828925322722835,2.3890982120807283,1.791759469229055,-2.079441541671836,2.079441541671836,7.1363796517946305,0.0,0.0,0.0,0.1
random,37,64,0.5533574210947124,0.10065813862447498,0.5533574210947124,0.4828925322722835,2.3890982120807283,1.791759469229055,-2.079441541671836,2.079441541671836,7.1363796517946305,0.0,0.0,0.0,0.1
random,37,65,0.5533574210947124,0.10065813862447498,0.5533574210947124,0.4828925322722835,2.3890982120807283,1.791759469229055,-2.079441541671836,2.079441541671836,7.1363796517946305,0.0,0.0,0.0,0.1
random,37,66,0.5533574210947124,0.10065813862447498,0.5533574210947124,0.4828925322722835,2.3890982120807283,1.791759469229055,-2.079441541671836,2.079441541671836,7.1363796517946305,0.0,0.0,0.0,0.1
random,37,67,0.5533574210947124,0.10065813862447498,0.5533574210947124,0.4828925322722835,2.3890982120807283,1.791759469229055,-2.079441541671836,2.079441541671836,7.1363796517946305,0.0,0.0,0.0,0.1
random,37,68,0.5533574210947124,0.10065813862447498,0.5533574210947124,0.4828925322722835,2.3890982120807283,1.791759469229055,-2.079441541671836,2.079441541671836,7.1363796517946305,0.0,0.0,0.0,0.1
random,37,69,0.5533574210947124,0.10065813862447498,0.5533574210947124,0.4828925322722835,2.3890982120807283,1.791759469229055,-2.079441541671836,2.079441541671836,7.1363796517946305,0.0,0.0,0.0,0.1
random,37,70,0.5533574210947124,0.10065813862447498,0.5533574210947124,0.4828925322722835,2.3890982120807283,1.791759469229055,-2.079441541671836,2.079441541671836,7.1363796517946305,0.0,0.0,0.0,0.1
random,37,71,0.5533574210947124,0.10065813862447498,0.5533574210947124,0.4828925322722835,2.3890982120807283,1.791759469229055,-2.079441541671836,2.079441541671836,7.1363796517946305,0.0,0.0,0.0,0.1
random,37,72,0.5533574210947124,0.10065813862447498,0.5533574210947124,0.4828925322722835,2.3890982120807283,1.791759469229055,-2.079441541671836,2.079441541671836,7.1363796517946305,0.0,0.0,0.0,0.1
random,37,73,0.5533574210947124,0.10065813862447498,0.5533574210947124,0.4828925322722835,2.3890982120807283,1.791759469229055,-2.079441541671836,2.079441541671836,7.1363796517946305,0.0,0.0,0.0,0.1
random,37,74,0.5533574210947124,0.10065813862447498,0.5533574210947124,0.4828925322722835,2.3890982120807283,1.791759469229055,-2.079441541671836,2.079441541671836,7.1363796517946305,0.0,0.0,0.0,0.1
random,37,75,0.5533574210947124,0.10065813862447498,0.5533574210947124,0.4828925322722835,2.3890982120807283,1.791759469229055,-2.079441541671836,2.079441541671836,7.1363796517946305,0.0,0.0,0.0,0.1
random,37,76,0.5533574210947124,0.10065813862447498,0.5533574210947124,0.4828925322722835,2.3890982120807283,1.791759469229055,-2.079441541671836,2.079441541671836,7.1363796517946305,0.0,0.0,0.0,0.1
random,37,77,0.5533574210947124,0.10065813862447498,0.5533574210947124,0.4828925322722835,2.3890982120807283,1.791759469229055,-2.079441541671836,2.079441541671836,7.1363796517946305,0.0,0.0,0.0,0.1
random,37,78,0.5533574210947124,0.10065813862447498,0.5533574210947124,0.4828925322722835,2.3890982120807283,1.791759469229055,-2.079441541671836,2.079441541671836,7.1363796517946305,0.0,0.0,0.0,0.1
random,37,79,0.5533574210947124,0.10065813862447498,0.5533574210947124,0.4828925322722835,2.3890982120807283,1.791759469229055,-2.079441541671836,2.079441541671836,7.1363796517946305,0.0,0.0,0.0,0.1
random,37,80,0.5533574210947124,0.10065813862447498,0.5533574210947124,0.4828925322722835,2.3890982120807283,1.791759469229055,-2.079441541671836,2.079441541671836,7.1363796517946305,0.0,0.0,0.0,0.1
random,37,81,0.5533574210947124,0.10065813862447498,0.5533574210947124,0.4828925322722835,2.3890982120807283,1.791759469229055,-2.079441541671836,2.079441541671836,7.1363796517946305,0.0,0.0,0.0,0.1
random,37,82,0.5533574210947124,0.10065813862447498,0.5533574210947124,0.4828925322722835,2.3890982120807283,1.791759469229055,-2.079441541671836,2.079441541671836,7.1363796517946305,0.0,0.0,0.0,0.1
random,37,83,0.5533574210947124,0.10065813862447498,0.5533574210947124,0.4828925322722835,2.3890982120807283,1.791759469229055,-2.079441541671836,2.079441541671836,7.1363796517946305,0.0,0.0,0.0,0.1
random,37,84,0.5533574210947124,0.10065813862447498,0.5533574210947124,0.4828925322722835,2.3890982120807283,1.791759469229055,-2.079441541671836,2.079441541671836,7.1363796517946305,0.0,0.0,0.0,0.1
random,37,85,0.5533574210947124,0.10065813862447498,0.5533574210947124,0.4828925322722835,2.3890982120807283,1.791759469229055,-2.079441541671836,2.079441541671836,7.1363796517946305,0.0,0.0,0.0,0.1
feature_informed,0,0,0.5533574210947124,0.10065813862447498,0.5533574210947124,0.4828925322722835,2.3890982120807283,1.791759469229055,-2.079441541671836,2.079441541671836,7.1363796517946305,0.0,0.0,0.0,0.1
feature_informed,0,1,0.5533574210947124,0.10065813862447498,0.5533574210947124,0.4828925322722835,2.3890982120807283,1.791759469229055,-2.079441541671836,2.079441541671836,7.1363796517946305,0.0,0.0,0.0,0.1
feature_informed,0,2,0.5533574210947124,0.10065813862447498,0.5533574210947124,0.4828925322722835,2.3890982120807283,1.791759469229055,-2.079441541671836,2.079441541671836,7.1363796517946305,0.0,0.0,0.0,0.1
feature_informed,0,3,0.5533574210947124,0.10065813862447498,0.5533574210947124,0.4828925322722835,2.3890982120807283,1.791759469229055,-2.079441541671836,2.079441541671836,7.1363796517946305,0.0,0.0,0.0,0.1
feature_informed,0,4,0.5533574210947124,0.10065813862447498,0.5533574210947124,0.4828925322722835,2.3890982120807283,1.791759469229055,-2.079441541671836,2.079441541671836,7.1363796517946305,0.0,0.0,0.0,0.1
feature_informed,0,5,0.5533574210947124,0.10065813862447498,0.5533574210947124,0.4828925322722835,2.3890982120807283,1.791759469229055,-2.079441541671836,2.079441541671836,7.1363796517946305,0.0,0.0,0.0,0.1
feature_informed,0,6,0.5533574210947124,0.10065813862447498,0.5533574210947124,0.4828925322722835,2.3890982120807283,1.791759469229055,-2.079441541671836,2.079441541671836,7.1363796517946305,0.0,0.0,0.0,0.1
feature_informed,0,7,0.5533574210947124,0.10065813862447498,0.5533574210947124,0.4828925322722835,2.3890982120807283,1.791759469229055,-2.079441541671836,2.079441541671836,7.1363796517946305,0.0,0.0,0.0,0.1
feature_informed,0,8,0.5533574210947124,0.10065813862447498,0.5533574210947124,0.4828925322722835,2.3890982120807283,1.791759469229055,-2.079441541671836,2.079441541671836,7.1363796517946305,0.0,0.0,0.0,0.1
feature_informed,0,9,0.5533574210947124,0.10065813862447498,0.5533574210947124,0.4828925322722835,2.3890982120807283,1.791759469229055,-2.079441541671836,2.079441541671836,7.1363796517946305,0.0,0.0,0.0,0.1
feature_informed,0,10,0.5533574210947124,0.10065813862447498,0.5533574210947124,0.4828925322722835,2.3890982120807283,1.791759469229055,-2.079441541671836,2.079441541671836,7.1363796517946305,0.0,0.0,0.0,0.1
feature_informed,0,11,0.5533574210947124,0.10065813862447498,0.5533574210947124,0.4828925322722835,2.3890982120807283,1.791759469229055,-2.079441541671836,2.079441541671836,7.1363796517946305,0.0,0.0,0.0,0.1
feature_informed,0,12,0.5533574210947124,0.10065813862447498,0.5533574210947124,0.4828925322722835,2.3890982120807283,1.791759469229055,-2.079441541671836,2.079441541671836,7.1363796517946305,0.0,0.0,0.0,0.1
feature_informed,0,13,0.5533574210947124,0.10065813862447498,0.5533574210947124,0.4828925322722835,2.3890982120807283,1.791759469229055,-2.079441541671836,2.079441541671836,7.1363796517946305,0.0,0.0,0.0,0.1
feature_informed,0,14,0.5533574210947124,0.10065813862447498,0.5533574210947124,0.4828925322722835,2.3890982120807283,1.791759469229055,-2.079441541671836,2.079441541671836,7.1363796517946305,0.0,0.0,0.0,0.1
feature_informed,0,15,0.5533574210947124,0.10065813862447498,0.5533574210947124,0.4828925322722835,2.3890982120807283,1.791759469229055,-2.079441541671836,2.079441541671836,7.1363796517946305,0.0,0.0,0.0,0.1
feature_informed,0,16,0.5533574210947124,0.10065813862447498,0.5533574210947124,0.4828925322722835,2.3890982120807283,1.791759469229055,-2.079441541671836,2.079441541671836,7.1363796517946305,0.0,0.0,0.0,0.1
feature_informed,0,17,0.5533574210947124,0.10065813862447498,0.5533574210947124,0.4828925322722835,2.3890982120807283,1.791759469229055,-2.079441541671836,2.079441541671836,7.1363796517946305,0.0,0.0,0.0,0.1
feature_informed,0,18,0.5533574210947124,0.10065813862447498,0.5533574210947124,0.4828925322722835,2.3890982120807283,1.791759469229055,-2.079441541671836,2.079441541671836,7.1363796517946305,0.0,0.0,0.0,0.1
feature_informed,0,19,0.5533574210947124,0.10065813862447498,0.5533574210947124,0.4828925322722835,2.3890982120807283,1.791759469229055,-2.079441541671836,2.079441541671836,7.1363796517946305,0.0,0.0,0.0,0.1
feature_informed,0,20,0.5533574210947124,0.10065813862447498,0.5533574210947124,0.4828925322722835,2.3890982120807283,1.791759469229055,-2.079441541671836,2.079441541671836,7.1363796517946305,0.0,0.0,0.0,0.1
feature_informed,0,21,0.5533574210947124,0.10065813862447498,0.5533574210947124,0.4828925322722835,2.3890982120807283,1.791759469229055,-2.079441541671836,2.079441541671836,7.1363796517946305,0.0,0.0,0.0,0.1
feature_informed,0,22,0.5533574210947124,0.10065813862447498,0.5533574210947124,0.4828925322722835,2.3890982120807283,1.791759469229055,-2.079441541671836,2.079441541671836,7.1363796517946305,0.0,0.0,0.0,0.1
feature_informed,0,23,0.5533574210947124,0.10065813862447498,0.5533574210947124,0.4828925322722835,2.3890982120807283,1.791759469229055,-2.079441541671836,2.079441541671836,7.1363796517946305,0.0,0.0,0.0,0.1
feature_informed,0,24,0.5533574210947124,0.10065813862447498,0.5533574210947124,0.4828925322722835,2.3890982120807283,1.791759469229055,-2.079441541671836,2.079441541671836,7.1363796517946305,0.0,0.0,0.0,0.1
feature_informed,0,25,0.5533574210947124,0.10065813862447498,0.5533574210947124,0.4828925322722835,2.3890982120807283,1.791759469229055,-2.079441541671836,2.079441541671836,7.1363796517946305,0.0,0.0,0.0,0.1
feature_informed,0,26,0.5533574210947124,0.10065813862447498,0.5533574210947124,0.4828925322722835,2.3890982120807283,1.791759469229055,-2.079441541671836,2.079441541671836,7.1363796517946305,0.0,0.0,0.0,0.1
feature_informed,0,27,0.5533574210947124,0.10065813862447498,0.5533574210947124,0.4828925322722835,2.3890982120807283,1.791759469229055,-2.079441541671836,2.079441541671836,7.1363796517946305,0.0,0.0,0.0,0.1
feature_informed,0,28,0.5533574210947124,0.10065813862447498,0.5533574210947124,0.4828925322722835,2.3890982120807283,1.791759469229055,-2.079441541671836,2.079441541671836,7.1363796517946305,0.0,0.0,0.0,0.1
feature_informed,0,29,0.5533574210947124,0.10065813862447498,0.5533574210947124,0.4828925322722835,2.3890982120807283,1.791759469229055,-2.079441541671836,2.079441541671836,7.1363796517946305,0.0,0.0,0.0,0.1
feature_informed,0,30,0.5533574210947124,0.10065813862447498,0.5533574210947124,0.4828925322722835,2.3890982120807283,1.791759469229055,-2.079441541671836,2.079441541671836,7.1363796517946305,0.0,0.0,0.0,0.1
feature_informed,0,31,0.5533574210947124,0.10065813862447498,0.5533574210947124,0.4828925322722835,2.3890982120807283,1.791759469229055,-2.079441541671836,2.079441541671836,7.1363796517946305,0.0,0.0,0.0,0.1
feature_informed,0,32,0.5533574210947124,0.10065813862447498,0.5533574210947124,0.4828925322722835,2.3890982120807283,1.791759469229055,-2.079441541671836,2.079441541671836,7.1363796517946305,0.0,0.0,0.0,0.1
feature_informed,0,33,0.5533574210947124,0.10065813862447498,0.5533574210947124,0.4828925322722835,2.3890982120807283,1.791759469229055,-2.079441541671836,2.079441541671836,7.1363796517946305,0.0,0.0,0.0,0.1
feature_informed,0,34,0.5533574210947124,0.10065813862447498,0.5533574210947124,0.4828925322722835,2.3890982120807283,1.791759469229055,-2.079441541671836,2.079441541671836,7.1363796517946305,0.0,0.0,0.0,0.1
feature_informed,0,35,0.5533574210947124,0.10065813862447498,0.5533574210947124,0.4828925322722835,2.3890982120807283,1.791759469229055,-2.079441541671836,2.079441541671836,7.1363796517946305,0.0,0.0,0.0,0.1
feature_informed,0,36,0.5533574210947124,0.10065813862447498,0.5533574210947124,0.4828925322722835,2.3890982120807283,1.791759469229055,-2.079441541671836,2.079441541671836,7.1363796517946305,0.0,0.0,0.0,0.1
feature_informed,0,37,0.5533574210947124,0.10065813862447498,0.5533574210947124,0.4828925322722835,2.3890982120807283,1.791759469229055,-2.079441541671836,2.079441541671836,7.1363796517946305,0.0,0.0,0.0,0.1
feature_informed,0,38,0.5533574210947124,0.10065813862447498,0.5533574210947124,0.4828925322722835,2.3890982120807283,1.791759469229055,-2.079441541671836,2.079441541671836,7.1363796517946305,0.0,0.0,0.0,0.1
feature_informed,0,39,0.5533574210947124,0.10065813862447498,0.5533574210947124,0.4828925322722835,2.3890982120807283,1.791759469229055,-2.079441541671836,2.079441541671836,7.1363796517946305,0.0,0.0,0.0,0.1
feature_informed,0,40,0.5533574210947124,0.10065813862447498,0.5533574210947124,0.4828925322722835,2.3890982120807283,1.791759469229055,-2.079441541671836,2.079441541671836,7.1363796517946305,0.0,0.0,0.0,0.1
feature_informed,0,41,0.5533574210947124,0.10065813862447498,0.5533574210947124,0.4828925322722835,2.3890982120807283,1.791759469229055,-2.079441541671836,2.079441541671836,7.1363796517946305,0.0,0.0,0.0,0.1
feature_informed,0,42,0.5533574210947124,0.10065813862447498,0.5533574210947124,0.4828925322722835,2.3890982120807283,1.791759469229055,-2.079441541671836,2.079441541671836,7.1363796517946305,0.0,0.0,0.0,0.1
feature_informed,0,43,0.5533574210947124,0.10065813862447498,0.5533574210947124,0.4828925322722835,2.3890982120807283,1.791759469229055,-2.079441541671836,2.079441541671836,7.1363796517946305,0.0,0.0,0.0,0.1
feature_informed,0,44,0.5533574210947124,0.10065813862447498,0.5533574210947124,0.4828925322722835,2.3890982120807283,1.791759469229055,-2.079441541671836,2.079441541671836,7.1363796517946305,0.0,0.0,0.0,0.1
feature_informed,0,45,0.5533574210947124,0.10065813862447498,0.5533574210947124,0.4828925322722835,2.3890982120807283,1.791759469229055,-2.079441541671836,2.079441541671836,7.1363796517946305,0.0,0.0,0.0,0.1
feature_informed,0,46,0.5533574210947124,0.10065813862447498,0.5533574210947124,0.4828925322722835,2.3890982120807283,1.791759469229055,-2.079441541671836,2.079441541671836,7.1363796517946305,0.0,0.0,0.0,0.1
feature_informed,0,47,0.5533574210947124,0.10065813862447498,0.5533574210947124,0.4828925322722835,2.3890982120807283,1.791759469229055,-2.079441541671836,2.079441541671836,7.1363796517946305,0.0,0.0,0.0,0.1
feature_informed,0,48,0.5533574210947124,0.10065813862447498,0.5533574210947124,0.4828925322722835,2.3890982120807283,1.791759469229055,-2.079441541671836,2.079441541671836,7.1363796517946305,0.0,0.0,0.0,0.1
feature_informed,0,49,0.5533574210947124,0.10065813862447498,0.5533574210947124,0.4828925322722835,2.3890982120807283,1.791759469229055,-2.079441541671836,2.079441541671836,7.1363796517946305,0.0,0.0,0.0,0.1
feature_informed,0,50,0.5533574210947124,0.10065813862447498,0.5533574210947124,0.4828925322722835,2.3890982120807283,1.791759469229055,-2.079441541671836,2.079441541671836,7.1363796517946305,0.0,0.0,0.0,0.1
feature_informed,0,51,0.5533574210947124,0.10065813862447498,0.5533574210947124,0.4828925322722835,2.3890982120807283,1.791759469229055,-2.079441541671836,2.079441541671836,7.1363796517946305,0.0,0.0,0.0,0.1
feature_informed,0,52,0.5533574210947124,0.10065813862447498,0.5533574210947124,0.4828925322722835,2.3890982120807283,1.791759469229055,-2.079441541671836,2.079441541671836,7.1363796517946305,0.0,0.0,0.0,0.1
feature_informed,0,53,0.5533574210947124,0.10065813862447498,0.5533574210947124,0.4828925322722835,2.3890982120807283,1.791759469229055,-2.079441541671836,2.079441541671836,7.1363796517946305,0.0,0.0,0.0,0.1
feature_informed,0,54,0.5533574210947124,0.10065813862447498,0.5533574210947124,0.4828925322722835,2.3890982120807283,1.791759469229055,-2.079441541671836,2.079441541671836,7.1363796517946305,0.0,0.0,0.0,0.1
feature_informed,0,55,0.5533574210947124,0.10065813862447498,0.5533574210947124,0.4828925322722835,2.3890982120807283,1.791759469229055,-2.079441541671836,2.079441541671836,7.1363796517946305,0.0,0.0,0.0,0.1
feature_informed,0,56,0.5533574210947124,0.10065813862447498,0.5533574210947124,0.4828925322722835,2.3890982120807283,1.791759469229055,-2.079441541671836,2.079441541671836,7.1363796517946305,0.0,0.0,0.0,0.1
feature_informed,0,57,0.5533574210947124,0.10065813862447498,0.5533574210947124,0.4828925322722835,2.3890982120807283,1.791759469229055,-2.079441541671836,2.079441541671836,7.1363796517946305,0.0,0.0,0.0,0.1
feature_informed,0,58,0.5533574210947124,0.10065813862447498,0.5533574210947124,0.4828925322722835,2.3890982120807283,1.791759469229055,-2.079441541671836,2.079441541671836,7.1363796517946305,0.0,0.0,0.0,0.1
feature_informed,0,59,0.5533574210947124,0.10065813862447498,0.5533574210947124,0.4828925322722835,2.3890982120807283,1.791759469229055,-2.079441541671836,2.079441541671836,7.1363796517946305,0.0,0.0,0.0,0.1
feature_informed,0,60,0.5533574210947124,0.10065813862447498,0.5533574210947124,0.4828925322722835,2.3890982120807283,1.791759469229055,-2.079441541671836,2.079441541671836,7.1363796517946305,0.0,0.0,0.0,0.1
feature_informed,0,61,0.5533574210947124,0.10065813862447498,0.5533574210947124,0.4828925322722835,2.3890982120807283,1.791759469229055,-2.079441541671836,2.079441541671836,7.1363796517946305,0.0,0.0,0.0,0.1
feature_informed,0,62,0.5533574210947124,0.10065813862447498,0.5533574210947124,0.4828925322722835,2.3890982120807283,1.791759469229055,-2.079441541671836,2.079441541671836,7.1363796517946305,0.0,0.0,0.0,0.1
feature_informed,0,63,0.5533574210947124,0.10065813862447498,0.5533574210947124,0.4828925322722835,2.3890982120807283,1.791759469229055,-2.079441541671836,2.079441541671836,7.1363796517946305,0.0,0.0,0.0,0.1
feature_informed,0,64,0.5533574210947124,0.10065813862447498,0.5533574210947124,0.4828925322722835,2.3890982120807283,1.791759469229055,-2.079441541671836,2.079441541671836,7.1363796517946305,0.0,0.0,0.0,0.1
feature_informed,0,65,0.5533574210947124,0.10065813862447498,0.5533574210947124,0.4828925322722835,2.3890982120807283,1.791759469229055,-2.079441541671836,2.079441541671836,7.1363796517946305,0.0,0.0,0.0,0.1
feature_informed,0,66,0.5533574210947124,0.10065813862447498,0.5533574210947124,0.4828925322722835,2.3890982120807283,1.791759469229055,-2.079441541671836,2.079441541671836,7.1363796517946305,0.0,0.0,0.0,0.1
feature_informed,0,67,0.5533574210947124,0.10065813862447498,0.5533574210947124,0.4828925322722835,2.3890982120807283,1.791759469229055,-2.079441541671836,2.079441541671836,7.1363796517946305,0.0,0.0,0.0,0.1
feature_informed,0,68,0.5533574210947124,0.10065813862447498,0.5533574210947124,0.4828925322722835,2.3890982120807283,1.791759469229055,-2.079441541671836,2.079441541671836,7.1363796517946305,0.0,0.0,0.0,0.1
feature_informed,0,69,0.5533574210947124,0.10065813862447498,0.5533574210947124,0.4828925322722835,2.3890982120807283,1.791759469229055,-2.079441541671836,2.079441541671836,7.1363796517946305,0.0,0.0,0.0,0.1
feature_informed,0,70,0.5533574210947124,0.10065813862447498,0.5533574210947124,0.4828925322722835,2.3890982120807283,1.791759469229055,-2.079441541671836,2.079441541671836,7.1363796517946305,0.0,0.0,0.0,0.1
feature_informed,0,71,0.5533574210947124,0.10065813862447498,0.5533574210947124,0.4828925322722835,2.3890982120807283,1.791759469229055,-2.079441541671836,2.079441541671836,7.1363796517946305,0.0,0.0,0.0,0.1
feature_informed,0,72,0.5533574210947124,0.10065813862447498,0.5533574210947124,0.4828925322722835,2.3890982120807283,1.791759469229055,-2.079441541671836,2.079441541671836,7.1363796517946305,0.0,0.0,0.0,0.1
feature_informed,0,73,0.5533574210947124,0.10065813862447498,0.5533574210947124,0.4828925322722835,2.3890982120807283,1.791759469229055,-2.079441541671836,2.079441541671836,7.1363796517946305,0.0,0.0,0.0,0.1
feature_informed,0,74,0.5533574210947124,0.10065813862447498,0.5533574210947124,0.4828925322722835,2.3890982120807283,1.791759469229055,-2.079441541671836,2.079441541671836,7.1363796517946305,0.0,0.0,0.0,0.1
feature_informed,0,75,0.5533574210947124,0.10065813862447498,0.5533574210947124,0.4828925322722835,2.3890982120807283,1.791759469229055,-2.079441541671836,2.079441541671836,7.1363796517946305,0.0,0.0,0.0,0.1
feature_informed,0,76,0.5533574210947124,0.10065813862447498,0.5533574210947124,0.4828925322722835,2.3890982120807283,1.791759469229055,-2.079441541671836,2.079441541671836,7.1363796517946305,0.0,0.0,0.0,0.1
feature_informed,0,77,0.5533574210947124,0.10065813862447498,0.5533574210947124,0.4828925322722835,2.3890982120807283,1.791759469229055,-2.079441541671836,2.079441541671836,7.1363796517946305,0.0,0.0,0.0,0.1
feature_informed,0,78,0.5533574210947124,0.10065813862447498,0.5533574210947124,0.4828925322722835,2.3890982120807283,1.791759469229055,-2.079441541671836,2.079441541671836,7.1363796517946305,0.0,0.0,0.0,0.1
feature_informed,0,79,0.5533574210947124,0.10065813862447498,0.5533574210947124,0.4828925322722835,2.3890982120807283,1.791759469229055,-2.079441541671836,2.079441541671836,7.1363796517946305,0.0,0.0,0.0,0.1
